{
  "timestamp": "2025-12-26T20:41:16.668Z",
  "stats": {
    "total": 230,
    "dogs": 118,
    "cats": 105,
    "smallPets": 7,
    "subcategories": {
      "rabbits": 1,
      "guineaPigs": 1,
      "hamsters": 0,
      "birds": 3,
      "ferrets": 0,
      "reptiles": 0,
      "fishAquatics": 0,
      "foodTreats": 0,
      "cleaningBedding": 1,
      "travelCarriers": 1
    },
    "changed": 223,
    "changes": [
      {
        "id": "1996064726721794050",
        "title": "Stylish And Spacious Foldable Soft Pet C",
        "from": {
          "petType": "cats"
        },
        "to": {
          "petType": "cats",
          "subcategory": null
        }
      },
      {
        "id": "1996111912750710786",
        "title": "Dog Bed - Warm Plush Pet Bed With Remova",
        "from": {
          "petType": "dogs"
        },
        "to": {
          "petType": "dogs",
          "subcategory": null
        }
      },
      {
        "id": "1996100265990180865",
        "title": "Outdoor Cat Play Tent With Tunnel, Porta",
        "from": {
          "petType": "cats"
        },
        "to": {
          "petType": "cats",
          "subcategory": null
        }
      },
      {
        "id": "1993916062320009218",
        "title": "Gardner Small Dog Outdoor Waterproof Por",
        "from": {
          "petType": "dogs"
        },
        "to": {
          "petType": "dogs",
          "subcategory": null
        }
      },
      {
        "id": "1993885211980353537",
        "title": "Pet Tear Stain Removal Powder - Natural ",
        "from": {
          "petType": "dogs"
        },
        "to": {
          "petType": "dogs",
          "subcategory": null
        }
      },
      {
        "id": "1993882260050169858",
        "title": "Pet Dental Powder - Freshens Breath, Pro",
        "from": {
          "petType": "dogs"
        },
        "to": {
          "petType": "dogs",
          "subcategory": null
        }
      },
      {
        "id": "1993155042347737090",
        "title": "2-in-1 Pet Grooming Gloves & Brushes For",
        "from": {
          "petType": "cats"
        },
        "to": {
          "petType": "cats",
          "subcategory": null
        }
      },
      {
        "id": "1993006928471289857",
        "title": "Pet Stroller 4-Wheels Dog Stroller Carri",
        "from": {
          "petType": "dogs"
        },
        "to": {
          "petType": "dogs",
          "subcategory": null
        }
      },
      {
        "id": "1993039311227625473",
        "title": "Wood Pet Stairs/Pet Steps, 2-in-1 Foldab",
        "from": {
          "petType": "dogs"
        },
        "to": {
          "petType": "dogs",
          "subcategory": null
        }
      },
      {
        "id": "1993007032305479682",
        "title": "Pet Stroller Foldable 4 Wheels Travel Do",
        "from": {
          "petType": "dogs"
        },
        "to": {
          "petType": "dogs",
          "subcategory": null
        }
      },
      {
        "id": "1993006996016361474",
        "title": "Pet Stroller Foldable 4 Wheels Dog Strol",
        "from": {
          "petType": "dogs"
        },
        "to": {
          "petType": "dogs",
          "subcategory": null
        }
      },
      {
        "id": "1992955820617003009",
        "title": "Elevated Lounge Pet Bed Foldable Bunk Do",
        "from": {
          "petType": "dogs"
        },
        "to": {
          "petType": "dogs",
          "subcategory": null
        }
      },
      {
        "id": "1993007067604742145",
        "title": "Pet Stroller, 4 Wheels Dog Stroller Rota",
        "from": {
          "petType": "dogs"
        },
        "to": {
          "petType": "dogs",
          "subcategory": null
        }
      },
      {
        "id": "1993006962566787073",
        "title": "Pet Stroller Foldable 3 Wheels Dog Strol",
        "from": {
          "petType": "dogs"
        },
        "to": {
          "petType": "dogs",
          "subcategory": null
        }
      },
      {
        "id": "1992488017443860482",
        "title": "Cat Walking Rope, Vest Style Dog Cartoon",
        "from": {
          "petType": "cats"
        },
        "to": {
          "petType": "cats",
          "subcategory": null
        }
      },
      {
        "id": "1992473230051815426",
        "title": "Dog Toys, Sound-sounding, Food-hiding, E",
        "from": {
          "petType": "dogs"
        },
        "to": {
          "petType": "dogs",
          "subcategory": null
        }
      },
      {
        "id": "1992483683275927554",
        "title": "Pet Colorful Teething Toy Balls, Teethin",
        "from": {
          "petType": "dogs"
        },
        "to": {
          "petType": "dogs",
          "subcategory": null
        }
      },
      {
        "id": "1991786961910530050",
        "title": "Pet Stroller For Dogs And Cats - Foldabl",
        "from": {
          "petType": "cats"
        },
        "to": {
          "petType": "cats",
          "subcategory": null
        }
      },
      {
        "id": "1991750114320744449",
        "title": "Cross-border Dog Bowl, Double-ear Handle",
        "from": {
          "petType": "dogs"
        },
        "to": {
          "petType": "dogs",
          "subcategory": null
        }
      },
      {
        "id": "1991244926845751298",
        "title": "2-in-1 Pet Bike Trailer for Small Dogs",
        "from": {
          "petType": "dogs"
        },
        "to": {
          "petType": "dogs",
          "subcategory": null
        }
      },
      {
        "id": "1991249014612287489",
        "title": "Pet Feeding Station Pet Dish Bowl Set wi",
        "from": {
          "petType": "dogs"
        },
        "to": {
          "petType": "dogs",
          "subcategory": null
        }
      },
      {
        "id": "1991248814751649793",
        "title": "Raised Pet Food Elevated Feeder with 2 S",
        "from": {
          "petType": "dogs"
        },
        "to": {
          "petType": "dogs",
          "subcategory": null
        }
      },
      {
        "id": "1991061266784509954",
        "title": "Dog Chew Toy With Rubber Tire & Tug Of W",
        "from": {
          "petType": "dogs"
        },
        "to": {
          "petType": "dogs",
          "subcategory": null
        }
      },
      {
        "id": "1991089054435762178",
        "title": "Pet Stroller, 4 Wheels Dog Stroller Rota",
        "from": {
          "petType": "dogs"
        },
        "to": {
          "petType": "dogs",
          "subcategory": null
        }
      },
      {
        "id": "1991245205112655874",
        "title": "Foldable Pet Swimming Pool",
        "from": {
          "petType": "dogs"
        },
        "to": {
          "petType": "dogs",
          "subcategory": null
        }
      },
      {
        "id": "1991249103250513921",
        "title": "Pet Feeding Station",
        "from": {
          "petType": "dogs"
        },
        "to": {
          "petType": "dogs",
          "subcategory": null
        }
      },
      {
        "id": "1991247152274202625",
        "title": "Pet Sofa Bed Couch with Storage",
        "from": {
          "petType": "dogs"
        },
        "to": {
          "petType": "dogs",
          "subcategory": null
        }
      },
      {
        "id": "1991247435350597634",
        "title": "Pet Sofa Dog Sofa for Small Dogs with St",
        "from": {
          "petType": "dogs"
        },
        "to": {
          "petType": "dogs",
          "subcategory": null
        }
      },
      {
        "id": "1991244853858525186",
        "title": "Pet Stroller Foldable Dog Cat Travel Car",
        "from": {
          "petType": "cats"
        },
        "to": {
          "petType": "cats",
          "subcategory": null
        }
      },
      {
        "id": "1998322673329934337",
        "title": "Tiara-Shaped Convertible Dog Bed And Sof",
        "from": {
          "petType": "dogs"
        },
        "to": {
          "petType": "dogs",
          "subcategory": null
        }
      },
      {
        "id": "1998322616719413249",
        "title": "Large Dog Bed 67x43x8 Inches - Super Sof",
        "from": {
          "petType": "dogs"
        },
        "to": {
          "petType": "dogs",
          "subcategory": null
        }
      },
      {
        "id": "1996839415274844162",
        "title": "Dog Ramp",
        "from": {
          "petType": "dogs"
        },
        "to": {
          "petType": "dogs",
          "subcategory": null
        }
      },
      {
        "id": "1996846464031129601",
        "title": "The New Dual-Color Embossed Pet Leash Se",
        "from": {
          "petType": "dogs"
        },
        "to": {
          "petType": "dogs",
          "subcategory": null
        }
      },
      {
        "id": "1996830523526524930",
        "title": "UV Printing Camouflage Embossed Pet Leas",
        "from": {
          "petType": "dogs"
        },
        "to": {
          "petType": "dogs",
          "subcategory": null
        }
      },
      {
        "id": "1996836586367791105",
        "title": "2-in-1 Dog Crate End Table - Rustic Brow",
        "from": {
          "petType": "dogs"
        },
        "to": {
          "petType": "dogs",
          "subcategory": null
        }
      },
      {
        "id": "1996870075989405697",
        "title": "Honeycomb Embossed Dual-Color Pet Leash ",
        "from": {
          "petType": "dogs"
        },
        "to": {
          "petType": "dogs",
          "subcategory": null
        }
      },
      {
        "id": "1996493861430915074",
        "title": "Adjustable Bandana Leather Pet Collar Tr",
        "from": {
          "petType": "dogs"
        },
        "to": {
          "petType": "dogs",
          "subcategory": null
        }
      },
      {
        "id": "1996128475470004225",
        "title": "Premium Plush Dog Bed With Removable Was",
        "from": {
          "petType": "dogs"
        },
        "to": {
          "petType": "dogs",
          "subcategory": null
        }
      },
      {
        "id": "1995425463360872450",
        "title": "Dog Playpen Indoor Fence Height Metal Ex",
        "from": {
          "petType": "dogs"
        },
        "to": {
          "petType": "dogs",
          "subcategory": null
        }
      },
      {
        "id": "1994702401923076097",
        "title": "63'' Large Dog Crate Furniture For Doubl",
        "from": {
          "petType": "dogs"
        },
        "to": {
          "petType": "dogs",
          "subcategory": null
        }
      },
      {
        "id": "1994702521858703361",
        "title": "47.2 Mobile Dog Crate With Flip-Top Feed",
        "from": {
          "petType": "dogs"
        },
        "to": {
          "petType": "dogs",
          "subcategory": null
        }
      },
      {
        "id": "1993164615406215169",
        "title": "Interactive Dog Treat Ball, A Chewing To",
        "from": {
          "petType": "dogs"
        },
        "to": {
          "petType": "dogs",
          "subcategory": null
        }
      },
      {
        "id": "1992943318395023361",
        "title": "Dog Ramp, Folding Pet Ramp For Bed, Adju",
        "from": {
          "petType": "dogs"
        },
        "to": {
          "petType": "dogs",
          "subcategory": null
        }
      },
      {
        "id": "1992942895668576257",
        "title": "Dog Dryer, 2800W/4.3HP Dog Blow Dryer, P",
        "from": {
          "petType": "dogs"
        },
        "to": {
          "petType": "dogs",
          "subcategory": null
        }
      },
      {
        "id": "1992943707889639426",
        "title": "Dog Whelping Box With Window Transparent",
        "from": {
          "petType": "dogs"
        },
        "to": {
          "petType": "dogs",
          "subcategory": null
        }
      },
      {
        "id": "1993013779396075521",
        "title": "Puppy Dog Whelping Pen Box Adjustable Do",
        "from": {
          "petType": "dogs"
        },
        "to": {
          "petType": "dogs",
          "subcategory": null
        }
      },
      {
        "id": "1992943361081131009",
        "title": "Dog Ramp, Folding Pet Ramp For Bed, Adju",
        "from": {
          "petType": "dogs"
        },
        "to": {
          "petType": "dogs",
          "subcategory": null
        }
      },
      {
        "id": "1992955763424149505",
        "title": "Elevated Dog Bed For Large Dogs Portable",
        "from": {
          "petType": "dogs"
        },
        "to": {
          "petType": "dogs",
          "subcategory": null
        }
      },
      {
        "id": "1992943667305553921",
        "title": "Dog Whelping Box With Window Transparent",
        "from": {
          "petType": "dogs"
        },
        "to": {
          "petType": "dogs",
          "subcategory": null
        }
      },
      {
        "id": "1992943746850529281",
        "title": "Dog Whelping Box With Window Transparent",
        "from": {
          "petType": "dogs"
        },
        "to": {
          "petType": "dogs",
          "subcategory": null
        }
      },
      {
        "id": "1992955595612528642",
        "title": "Elevated Dog Bed For Large Dog Portable ",
        "from": {
          "petType": "dogs"
        },
        "to": {
          "petType": "dogs",
          "subcategory": null
        }
      },
      {
        "id": "1992942857831084034",
        "title": "Dog Dryer, 2800W/4.3HP Dog Blow Dryer, P",
        "from": {
          "petType": "dogs"
        },
        "to": {
          "petType": "dogs",
          "subcategory": null
        }
      },
      {
        "id": "1991492625343873025",
        "title": "Scooby-Doo Durable Squeaky Set Of Dog Ba",
        "from": {
          "petType": "dogs"
        },
        "to": {
          "petType": "dogs",
          "subcategory": null
        }
      },
      {
        "id": "1991407459189784578",
        "title": "Dog Car Seat, Dog Booster Seat For Car W",
        "from": {
          "petType": "dogs"
        },
        "to": {
          "petType": "dogs",
          "subcategory": null
        }
      },
      {
        "id": "1991247020261302274",
        "title": "Automatic Dog Ball Launcher with 26-79 F",
        "from": {
          "petType": "dogs"
        },
        "to": {
          "petType": "dogs",
          "subcategory": null
        }
      },
      {
        "id": "1990996021906956290",
        "title": "Stainless Steel Dog Washing Station, 127",
        "from": {
          "petType": "dogs"
        },
        "to": {
          "petType": "dogs",
          "subcategory": null
        }
      },
      {
        "id": "1991180368349270017",
        "title": "Dog Bike Trailer",
        "from": {
          "petType": "dogs"
        },
        "to": {
          "petType": "dogs",
          "subcategory": null
        }
      },
      {
        "id": "1991247361706332161",
        "title": "Dog Sofa Couch Bed with Washable Cushion",
        "from": {
          "petType": "dogs"
        },
        "to": {
          "petType": "dogs",
          "subcategory": null
        }
      },
      {
        "id": "1991245237379436545",
        "title": "Outdoor Dog Kennel Galvanized Fence with",
        "from": {
          "petType": "dogs"
        },
        "to": {
          "petType": "dogs",
          "subcategory": null
        }
      },
      {
        "id": "1991245494926479361",
        "title": "Dog Crate Furniture",
        "from": {
          "petType": "dogs"
        },
        "to": {
          "petType": "dogs",
          "subcategory": null
        }
      },
      {
        "id": "1991248488560627714",
        "title": "6 Piece Dog Agility Set with Adjustable ",
        "from": {
          "petType": "dogs"
        },
        "to": {
          "petType": "dogs",
          "subcategory": null
        }
      },
      {
        "id": "1991248375670935554",
        "title": "Dog Car Ramp, 75\" x 20\" Extra Long and W",
        "from": {
          "petType": "dogs"
        },
        "to": {
          "petType": "dogs",
          "subcategory": null
        }
      },
      {
        "id": "1991245594123821058",
        "title": "Dog Kennel Heavy Duty Playpen with Galva",
        "from": {
          "petType": "dogs"
        },
        "to": {
          "petType": "dogs",
          "subcategory": null
        }
      },
      {
        "id": "1991245035423698945",
        "title": "2-in-1 Dog Bike Trailer Pet Stroller Car",
        "from": {
          "petType": "dogs"
        },
        "to": {
          "petType": "dogs",
          "subcategory": null
        }
      },
      {
        "id": "1991249060212760577",
        "title": "Dog Food Storage Cabinet with Bowls & Do",
        "from": {
          "petType": "dogs"
        },
        "to": {
          "petType": "dogs",
          "subcategory": null
        }
      },
      {
        "id": "1991245931987591170",
        "title": "47\" Dog Crate Furniture with Storage",
        "from": {
          "petType": "dogs"
        },
        "to": {
          "petType": "dogs",
          "subcategory": null
        }
      },
      {
        "id": "1991246327395160066",
        "title": "Dog Kennel Furniture Side End Table Indo",
        "from": {
          "petType": "dogs"
        },
        "to": {
          "petType": "dogs",
          "subcategory": null
        }
      },
      {
        "id": "1991247777249288193",
        "title": "Elevated Dog Ramp for Bed",
        "from": {
          "petType": "dogs"
        },
        "to": {
          "petType": "dogs",
          "subcategory": null
        }
      },
      {
        "id": "1991245302634418177",
        "title": "Outdoor Dog Kennel with Roof",
        "from": {
          "petType": "dogs"
        },
        "to": {
          "petType": "dogs",
          "subcategory": null
        }
      },
      {
        "id": "1991248004710588418",
        "title": "Wooden Dog Ramp with Removable Guardrail",
        "from": {
          "petType": "dogs"
        },
        "to": {
          "petType": "dogs",
          "subcategory": null
        }
      },
      {
        "id": "1991245843739435009",
        "title": "Furniture Style Dog Crate End Table",
        "from": {
          "petType": "dogs"
        },
        "to": {
          "petType": "dogs",
          "subcategory": null
        }
      },
      {
        "id": "1991245895694278658",
        "title": "Dog Crate",
        "from": {
          "petType": "dogs"
        },
        "to": {
          "petType": "dogs",
          "subcategory": null
        }
      },
      {
        "id": "1991245703133782017",
        "title": "Outdoor Dog Kennel with Rotating Bowl Ho",
        "from": {
          "petType": "dogs"
        },
        "to": {
          "petType": "dogs",
          "subcategory": null
        }
      },
      {
        "id": "1991245470326886401",
        "title": "Dog House Outdoor with Canopy",
        "from": {
          "petType": "dogs"
        },
        "to": {
          "petType": "dogs",
          "subcategory": null
        }
      },
      {
        "id": "1991248973839458305",
        "title": "Large Elevated Dog Bowls with Storage Ca",
        "from": {
          "petType": "dogs"
        },
        "to": {
          "petType": "dogs",
          "subcategory": null
        }
      },
      {
        "id": "1991246085775941634",
        "title": "Dog House for Medium and Small Dogs",
        "from": {
          "petType": "dogs"
        },
        "to": {
          "petType": "dogs",
          "subcategory": null
        }
      },
      {
        "id": "1990986368192012289",
        "title": "Stainless Steel Dog Washing Station, 127",
        "from": {
          "petType": "dogs"
        },
        "to": {
          "petType": "dogs",
          "subcategory": null
        }
      },
      {
        "id": "1991247477595627521",
        "title": "Elevated Dog Bed with Removable Canopy",
        "from": {
          "petType": "dogs"
        },
        "to": {
          "petType": "dogs",
          "subcategory": null
        }
      },
      {
        "id": "1991180407968665602",
        "title": "Dog Bike Trailer 2-In-1 Pet Stroller wit",
        "from": {
          "petType": "dogs"
        },
        "to": {
          "petType": "dogs",
          "subcategory": null
        }
      },
      {
        "id": "1991248909085741057",
        "title": "Elevated Dog Bowls with Storage",
        "from": {
          "petType": "dogs"
        },
        "to": {
          "petType": "dogs",
          "subcategory": null
        }
      },
      {
        "id": "1991245809144815618",
        "title": "34'' 2-in-1 Dog Kennel",
        "from": {
          "petType": "dogs"
        },
        "to": {
          "petType": "dogs",
          "subcategory": null
        }
      },
      {
        "id": "1991246649321250817",
        "title": "Outdoor Dog Kennel with Two-Room Design",
        "from": {
          "petType": "dogs"
        },
        "to": {
          "petType": "dogs",
          "subcategory": null
        }
      },
      {
        "id": "1991246557196881922",
        "title": "Outdoor Dog Bed with Canopy",
        "from": {
          "petType": "dogs"
        },
        "to": {
          "petType": "dogs",
          "subcategory": null
        }
      },
      {
        "id": "1991245737925533698",
        "title": "Dog Playpen with Door & Removable Cover ",
        "from": {
          "petType": "dogs"
        },
        "to": {
          "petType": "dogs",
          "subcategory": null
        }
      },
      {
        "id": "1991246152146608129",
        "title": "Cabin-Style Dog House for Large Dogs wit",
        "from": {
          "petType": "dogs"
        },
        "to": {
          "petType": "dogs",
          "subcategory": null
        }
      },
      {
        "id": "1991247114789707777",
        "title": "Luxury Fancy Dog Couch with Hidden Stora",
        "from": {
          "petType": "dogs"
        },
        "to": {
          "petType": "dogs",
          "subcategory": null
        }
      },
      {
        "id": "1991251206486396930",
        "title": "Dog Crate End Table",
        "from": {
          "petType": "dogs"
        },
        "to": {
          "petType": "dogs",
          "subcategory": null
        }
      },
      {
        "id": "1991244999902138370",
        "title": "Dog Stroller for Large Medium Small Dogs",
        "from": {
          "petType": "dogs"
        },
        "to": {
          "petType": "dogs",
          "subcategory": null
        }
      },
      {
        "id": "1991245102712918018",
        "title": "Dog Bed",
        "from": {
          "petType": "dogs"
        },
        "to": {
          "petType": "dogs",
          "subcategory": null
        }
      },
      {
        "id": "1991248407476342785",
        "title": "Dog Ramp for Couch",
        "from": {
          "petType": "dogs"
        },
        "to": {
          "petType": "dogs",
          "subcategory": null
        }
      },
      {
        "id": "1991247975203659778",
        "title": "Dog Ramp with Removable Guardrails",
        "from": {
          "petType": "dogs"
        },
        "to": {
          "petType": "dogs",
          "subcategory": null
        }
      },
      {
        "id": "1991247398553968642",
        "title": "Raised Dog Sofa",
        "from": {
          "petType": "dogs"
        },
        "to": {
          "petType": "dogs",
          "subcategory": null
        }
      },
      {
        "id": "1991246873766846465",
        "title": "39\" Dog Crate Furniture w/ Anti-Chew Res",
        "from": {
          "petType": "dogs"
        },
        "to": {
          "petType": "dogs",
          "subcategory": null
        }
      },
      {
        "id": "1991245383584485378",
        "title": "Dog House Outdoor",
        "from": {
          "petType": "dogs"
        },
        "to": {
          "petType": "dogs",
          "subcategory": null
        }
      },
      {
        "id": "1991248684388487169",
        "title": "Dog Potty Tray Stainless Steel for Small",
        "from": {
          "petType": "dogs"
        },
        "to": {
          "petType": "dogs",
          "subcategory": null
        }
      },
      {
        "id": "1991246597462876162",
        "title": "39\" Dog Crate Furniture Side Table for L",
        "from": {
          "petType": "dogs"
        },
        "to": {
          "petType": "dogs",
          "subcategory": null
        }
      },
      {
        "id": "1991246685539065857",
        "title": "L Dog House Outdoor Indoor for Small",
        "from": {
          "petType": "dogs"
        },
        "to": {
          "petType": "dogs",
          "subcategory": null
        }
      },
      {
        "id": "1991246050971607041",
        "title": "Dog Crate Furniture with Soft Cushion",
        "from": {
          "petType": "dogs"
        },
        "to": {
          "petType": "dogs",
          "subcategory": null
        }
      },
      {
        "id": "1998279478282907650",
        "title": "Cat Toys - Interactive Toy For Cat , Kit",
        "from": {
          "petType": "cats"
        },
        "to": {
          "petType": "cats",
          "subcategory": null
        }
      },
      {
        "id": "1996395851484209154",
        "title": "Interactive Rolling Cat Ball",
        "from": {
          "petType": "cats"
        },
        "to": {
          "petType": "cats",
          "subcategory": null
        }
      },
      {
        "id": "1996402356062965762",
        "title": "Interactive Rolling Cat Ball",
        "from": {
          "petType": "cats"
        },
        "to": {
          "petType": "cats",
          "subcategory": null
        }
      },
      {
        "id": "1996404100507553794",
        "title": "Interactive Rolling Cat Ball",
        "from": {
          "petType": "cats"
        },
        "to": {
          "petType": "cats",
          "subcategory": null
        }
      },
      {
        "id": "1996058560674942978",
        "title": "Multi-level Natural Pear Wood Cat Tree, ",
        "from": {
          "petType": "cats"
        },
        "to": {
          "petType": "cats",
          "subcategory": null
        }
      },
      {
        "id": "1996062625648119810",
        "title": "27.5in Cat Tree, Multi-level Cat Tower W",
        "from": {
          "petType": "cats"
        },
        "to": {
          "petType": "cats",
          "subcategory": null
        }
      },
      {
        "id": "1996092785891045377",
        "title": "27.5in Cat Tree, Multi-level Cat Tower W",
        "from": {
          "petType": "cats"
        },
        "to": {
          "petType": "cats",
          "subcategory": null
        }
      },
      {
        "id": "1993889907646898178",
        "title": "Gardner Pets Large Cat Tree For Medium T",
        "from": {
          "petType": "cats"
        },
        "to": {
          "petType": "cats",
          "subcategory": null
        }
      },
      {
        "id": "1993528254033338369",
        "title": "71 Inch Flower Cat Tree With Large Condo",
        "from": {
          "petType": "cats"
        },
        "to": {
          "petType": "cats",
          "subcategory": null
        }
      },
      {
        "id": "1993575125405704193",
        "title": "Modern Indoor Cat Tree Wooden Cat Tower ",
        "from": {
          "petType": "cats"
        },
        "to": {
          "petType": "cats",
          "subcategory": null
        }
      },
      {
        "id": "1993525212538753026",
        "title": "71 Inch Flower Cat Tree With Large Condo",
        "from": {
          "petType": "cats"
        },
        "to": {
          "petType": "cats",
          "subcategory": null
        }
      },
      {
        "id": "1993526282130132993",
        "title": "4.6 In Dark Gray Cat Tree Tower With Wid",
        "from": {
          "petType": "cats"
        },
        "to": {
          "petType": "cats",
          "subcategory": null
        }
      },
      {
        "id": "1993555922728558593",
        "title": "Cat Tunnel With Cat Bed For Indoor, Soft",
        "from": {
          "petType": "cats"
        },
        "to": {
          "petType": "cats",
          "subcategory": null
        }
      },
      {
        "id": "1993529399758573569",
        "title": "84.6 In Light Gray Cat Tree Tower With W",
        "from": {
          "petType": "cats"
        },
        "to": {
          "petType": "cats",
          "subcategory": null
        }
      },
      {
        "id": "1993527282507468801",
        "title": "71 Inch Flower Cat Tree With Large Condo",
        "from": {
          "petType": "cats"
        },
        "to": {
          "petType": "cats",
          "subcategory": null
        }
      },
      {
        "id": "1992920358406504450",
        "title": "Ceramic Cat Water Fountain 2.1L/71oz Cup",
        "from": {
          "petType": "cats"
        },
        "to": {
          "petType": "cats",
          "subcategory": null
        }
      },
      {
        "id": "1992920109439295490",
        "title": "Cat Exercise Wheel Large Cat Treadmill W",
        "from": {
          "petType": "cats"
        },
        "to": {
          "petType": "cats",
          "subcategory": null
        }
      },
      {
        "id": "1992919985088282626",
        "title": "Cat Carrier With Wheels, Airline Approve",
        "from": {
          "petType": "cats"
        },
        "to": {
          "petType": "cats",
          "subcategory": null
        }
      },
      {
        "id": "1992920203261681665",
        "title": "Cat Litter Box Enclosure Wooden Litter B",
        "from": {
          "petType": "cats"
        },
        "to": {
          "petType": "cats",
          "subcategory": null
        }
      },
      {
        "id": "1992920159776849922",
        "title": "Cat Exercise Wheel Large Cat Treadmill W",
        "from": {
          "petType": "cats"
        },
        "to": {
          "petType": "cats",
          "subcategory": null
        }
      },
      {
        "id": "1993036220667305985",
        "title": "Wall Mounted Cat Shelves Tree With Jumpi",
        "from": {
          "petType": "cats"
        },
        "to": {
          "petType": "cats",
          "subcategory": null
        }
      },
      {
        "id": "1991779421485400065",
        "title": "Integrated Cat Archway, Aesthetically Pl",
        "from": {
          "petType": "cats"
        },
        "to": {
          "petType": "cats",
          "subcategory": null
        }
      },
      {
        "id": "1991795763679121410",
        "title": "Cat Tree Tower, 65-inch Large Cat Tree, ",
        "from": {
          "petType": "cats"
        },
        "to": {
          "petType": "cats",
          "subcategory": null
        }
      },
      {
        "id": "1991251003025580033",
        "title": "Wall Mounted Cat House, Cat Wall Furnitu",
        "from": {
          "petType": "cats"
        },
        "to": {
          "petType": "cats",
          "subcategory": null
        }
      },
      {
        "id": "1991249902657638402",
        "title": "Handwoven Elevated Cat Bed with Soft Cus",
        "from": {
          "petType": "cats"
        },
        "to": {
          "petType": "cats",
          "subcategory": null
        }
      },
      {
        "id": "1991250489308602369",
        "title": "Cattail Weave Cat Tree for Indoor Cats K",
        "from": {
          "petType": "cats"
        },
        "to": {
          "petType": "cats",
          "subcategory": null
        }
      },
      {
        "id": "1991251941870198785",
        "title": "Catio Playground Cat Window Box Outside ",
        "from": {
          "petType": "cats"
        },
        "to": {
          "petType": "cats",
          "subcategory": null
        }
      },
      {
        "id": "1991252077651726338",
        "title": "Catio Outdoor Cat Enclosure with Waterpr",
        "from": {
          "petType": "cats"
        },
        "to": {
          "petType": "cats",
          "subcategory": null
        }
      },
      {
        "id": "1991251352687251457",
        "title": "Hooded Cat Litter Box w/ Litter Mat",
        "from": {
          "petType": "cats"
        },
        "to": {
          "petType": "cats",
          "subcategory": null
        }
      },
      {
        "id": "1991250380671934466",
        "title": "Cat Condo",
        "from": {
          "petType": "cats"
        },
        "to": {
          "petType": "cats",
          "subcategory": null
        }
      },
      {
        "id": "1991250761623789569",
        "title": "Cat Tree for Indoor Cats with Hammock",
        "from": {
          "petType": "cats"
        },
        "to": {
          "petType": "cats",
          "subcategory": null
        }
      },
      {
        "id": "1991250136800464897",
        "title": "2-story Cat House Outdoor",
        "from": {
          "petType": "cats"
        },
        "to": {
          "petType": "cats",
          "subcategory": null
        }
      },
      {
        "id": "1991251103571435522",
        "title": "Modern Cat Litter Box Enclosure with Adj",
        "from": {
          "petType": "cats"
        },
        "to": {
          "petType": "cats",
          "subcategory": null
        }
      },
      {
        "id": "1991250058522169345",
        "title": "Outdoor Cat House",
        "from": {
          "petType": "cats"
        },
        "to": {
          "petType": "cats",
          "subcategory": null
        }
      },
      {
        "id": "1991251034050846722",
        "title": "Cat Litter Box Toilet with Lid",
        "from": {
          "petType": "cats"
        },
        "to": {
          "petType": "cats",
          "subcategory": null
        }
      },
      {
        "id": "1991251169224200193",
        "title": "Cat Litter Box with Lid",
        "from": {
          "petType": "cats"
        },
        "to": {
          "petType": "cats",
          "subcategory": null
        }
      },
      {
        "id": "1991250453531189249",
        "title": "Cat House with Soft Cushion",
        "from": {
          "petType": "cats"
        },
        "to": {
          "petType": "cats",
          "subcategory": null
        }
      },
      {
        "id": "1991251742522642433",
        "title": "Outdoor Cat House",
        "from": {
          "petType": "cats"
        },
        "to": {
          "petType": "cats",
          "subcategory": null
        }
      },
      {
        "id": "1991250839688175618",
        "title": "Cat Bed with Washable Cushion for Cats",
        "from": {
          "petType": "cats"
        },
        "to": {
          "petType": "cats",
          "subcategory": null
        }
      },
      {
        "id": "1991251314561028097",
        "title": "Dome Covered Cat Litter Box with Lid",
        "from": {
          "petType": "cats"
        },
        "to": {
          "petType": "cats",
          "subcategory": null
        }
      },
      {
        "id": "1991251490172342274",
        "title": "Cat Litter Box Enclosure with Drawers",
        "from": {
          "petType": "cats"
        },
        "to": {
          "petType": "cats",
          "subcategory": null
        }
      },
      {
        "id": "1991250346089897985",
        "title": "Cat Tree",
        "from": {
          "petType": "cats"
        },
        "to": {
          "petType": "cats",
          "subcategory": null
        }
      },
      {
        "id": "1991251862223884289",
        "title": "Cat Tree House with Scratching Post and ",
        "from": {
          "petType": "cats"
        },
        "to": {
          "petType": "cats",
          "subcategory": null
        }
      },
      {
        "id": "1991251536603287554",
        "title": "Covered Cat Litter Box with Lid",
        "from": {
          "petType": "cats"
        },
        "to": {
          "petType": "cats",
          "subcategory": null
        }
      },
      {
        "id": "1991251133513895937",
        "title": "Modern Cat Litter Box Enclosure with Adj",
        "from": {
          "petType": "cats"
        },
        "to": {
          "petType": "cats",
          "subcategory": null
        }
      },
      {
        "id": "1991251439602294785",
        "title": "Cat Litter Box with Scoop",
        "from": {
          "petType": "cats"
        },
        "to": {
          "petType": "cats",
          "subcategory": null
        }
      },
      {
        "id": "1991250879601172481",
        "title": "1 Cat Tree Tower 3-Step Pet Stairs with ",
        "from": {
          "petType": "cats"
        },
        "to": {
          "petType": "cats",
          "subcategory": null
        }
      },
      {
        "id": "1991251901889417218",
        "title": "Large Outdoor Cat House for 3 Kitties",
        "from": {
          "petType": "cats"
        },
        "to": {
          "petType": "cats",
          "subcategory": null
        }
      },
      {
        "id": "1991252195956264961",
        "title": "Cat House",
        "from": {
          "petType": "cats"
        },
        "to": {
          "petType": "cats",
          "subcategory": null
        }
      },
      {
        "id": "1991251570090610689",
        "title": "Cat Litter Box Enclosure End Side Table ",
        "from": {
          "petType": "cats"
        },
        "to": {
          "petType": "cats",
          "subcategory": null
        }
      },
      {
        "id": "1991250658972393474",
        "title": "Cat Shelves for Indoor Cats",
        "from": {
          "petType": "cats"
        },
        "to": {
          "petType": "cats",
          "subcategory": null
        }
      },
      {
        "id": "1991250283638853633",
        "title": "Floor-to-Ceiling Cat Tree Cat Climbing T",
        "from": {
          "petType": "cats"
        },
        "to": {
          "petType": "cats",
          "subcategory": null
        }
      },
      {
        "id": "1991250918279667713",
        "title": "31\" Cat Tree Tower with Scratching Posts",
        "from": {
          "petType": "cats"
        },
        "to": {
          "petType": "cats",
          "subcategory": null
        }
      },
      {
        "id": "1991251276577411074",
        "title": "Fully Enclosed Cat Litter Box with Front",
        "from": {
          "petType": "cats"
        },
        "to": {
          "petType": "cats",
          "subcategory": null
        }
      },
      {
        "id": "1991251241798242306",
        "title": "Cat Litter Box Enclosure Side Table",
        "from": {
          "petType": "cats"
        },
        "to": {
          "petType": "cats",
          "subcategory": null
        }
      },
      {
        "id": "1991252313983979522",
        "title": "Cat Run with Weather Protection",
        "from": {
          "petType": "cats"
        },
        "to": {
          "petType": "cats",
          "subcategory": null
        }
      },
      {
        "id": "1991251388897353730",
        "title": "Hooded Cat Litter Box",
        "from": {
          "petType": "cats"
        },
        "to": {
          "petType": "cats",
          "subcategory": null
        }
      },
      {
        "id": "1991251071602450434",
        "title": "Cat Litter Box Enclosure",
        "from": {
          "petType": "cats"
        },
        "to": {
          "petType": "cats",
          "subcategory": null
        }
      },
      {
        "id": "1991250315872079874",
        "title": "Cat Shelf for Wall",
        "from": {
          "petType": "cats"
        },
        "to": {
          "petType": "cats",
          "subcategory": null
        }
      },
      {
        "id": "1991250975926181890",
        "title": "69\" Cat Tree",
        "from": {
          "petType": "cats"
        },
        "to": {
          "petType": "cats",
          "subcategory": null
        }
      },
      {
        "id": "1991247702989135873",
        "title": "4 Levels Cat Steps with Scratching Posts",
        "from": {
          "petType": "cats"
        },
        "to": {
          "petType": "cats",
          "subcategory": null
        }
      },
      {
        "id": "1991251822818398210",
        "title": "H Cat House Kitten Enclosure Playpen Fra",
        "from": {
          "petType": "cats"
        },
        "to": {
          "petType": "cats",
          "subcategory": null
        }
      },
      {
        "id": "1991250728891441153",
        "title": "Cat Tree for Indoor Cats w/ Scratching P",
        "from": {
          "petType": "cats"
        },
        "to": {
          "petType": "cats",
          "subcategory": null
        }
      },
      {
        "id": "1991252031192096769",
        "title": "Catio, Outdoor Cat Enclosure House on Wh",
        "from": {
          "petType": "cats"
        },
        "to": {
          "petType": "cats",
          "subcategory": null
        }
      },
      {
        "id": "1991252121159241730",
        "title": "Catio Cat Window Box Outside Enclosure w",
        "from": {
          "petType": "cats"
        },
        "to": {
          "petType": "cats",
          "subcategory": null
        }
      },
      {
        "id": "1991250243151237121",
        "title": "20.5\" Weaved Cat Bed",
        "from": {
          "petType": "cats"
        },
        "to": {
          "petType": "cats",
          "subcategory": null
        }
      },
      {
        "id": "1991252164423487489",
        "title": "Catio Outdoor Cat Enclosure",
        "from": {
          "petType": "cats"
        },
        "to": {
          "petType": "cats",
          "subcategory": null
        }
      },
      {
        "id": "1991249937998843906",
        "title": "Heated Cat Houses for Outdoor and Indoor",
        "from": {
          "petType": "cats"
        },
        "to": {
          "petType": "cats",
          "subcategory": null
        }
      },
      {
        "id": "1991251642287165442",
        "title": "Cat Litter Box Enclosure with Barn Door",
        "from": {
          "petType": "cats"
        },
        "to": {
          "petType": "cats",
          "subcategory": null
        }
      },
      {
        "id": "1991250561748426754",
        "title": "Outdoor Cat House",
        "from": {
          "petType": "cats"
        },
        "to": {
          "petType": "cats",
          "subcategory": null
        }
      },
      {
        "id": "1991247667564044289",
        "title": "Cat Tree",
        "from": {
          "petType": "cats"
        },
        "to": {
          "petType": "cats",
          "subcategory": null
        }
      },
      {
        "id": "1990691629160779777",
        "title": "Cat Tree with Scratching Post 49 cm Seag",
        "from": {
          "petType": "cats"
        },
        "to": {
          "petType": "cats",
          "subcategory": null
        }
      },
      {
        "id": "1990702967379513345",
        "title": "Cat Litter with Baby Powder Scent Benton",
        "from": {
          "petType": "cats"
        },
        "to": {
          "petType": "cats",
          "subcategory": null
        }
      },
      {
        "id": "1990691674766823426",
        "title": "Cat Tree with Luxurious Cushion 148 cm S",
        "from": {
          "petType": "cats"
        },
        "to": {
          "petType": "cats",
          "subcategory": null
        }
      },
      {
        "id": "1990621631432286209",
        "title": "Wall Mounted Cat Shelves, Cat Wall Shelv",
        "from": {
          "petType": "cats"
        },
        "to": {
          "petType": "cats",
          "subcategory": null
        }
      },
      {
        "id": "1990691662108413953",
        "title": "Cat Basket Round 36 cm Seagrass",
        "from": {
          "petType": "cats"
        },
        "to": {
          "petType": "cats",
          "subcategory": null
        }
      },
      {
        "id": "1990604523990343681",
        "title": "3-Tier Cat Cage Enclosure Indoor Cat Cag",
        "from": {
          "petType": "cats"
        },
        "to": {
          "petType": "cats",
          "subcategory": null
        }
      },
      {
        "id": "1990691561905115137",
        "title": "Cat Scratching Post with Sisal Scratchin",
        "from": {
          "petType": "cats"
        },
        "to": {
          "petType": "cats",
          "subcategory": null
        }
      },
      {
        "id": "1990691590074060802",
        "title": "Cat Basket Seagrass",
        "from": {
          "petType": "cats"
        },
        "to": {
          "petType": "cats",
          "subcategory": null
        }
      },
      {
        "id": "1990691621283876865",
        "title": "Cat House with Luxurious Cat Bed 33 cm S",
        "from": {
          "petType": "cats"
        },
        "to": {
          "petType": "cats",
          "subcategory": null
        }
      },
      {
        "id": "1990691641781440513",
        "title": "Cat Tree with Wooden Legs 41 cm Seagrass",
        "from": {
          "petType": "cats"
        },
        "to": {
          "petType": "cats",
          "subcategory": null
        }
      },
      {
        "id": "1990691685007937537",
        "title": "Cat Scratching Post 123 cm Seagrass",
        "from": {
          "petType": "cats"
        },
        "to": {
          "petType": "cats",
          "subcategory": null
        }
      },
      {
        "id": "1990441216217755650",
        "title": "Foldable Puppy Playpen with Carrying Bag",
        "from": {
          "petType": "dogs"
        },
        "to": {
          "petType": "dogs",
          "subcategory": null
        }
      },
      {
        "id": "1988495891753312257",
        "title": "Dog Playpen Indoor Fence Height Metal Ex",
        "from": {
          "petType": "dogs"
        },
        "to": {
          "petType": "dogs",
          "subcategory": null
        }
      },
      {
        "id": "1982440547655647234",
        "title": "Comfortable Cotton Dog Bag Pet Out Cross",
        "from": {
          "petType": "dogs"
        },
        "to": {
          "petType": "dogs",
          "subcategory": null
        }
      },
      {
        "id": "1979841815190630402",
        "title": "Soft Warm Fleece Puppy Cat Bed Dog Cozy ",
        "from": {
          "petType": "cats"
        },
        "to": {
          "petType": "cats",
          "subcategory": null
        }
      },
      {
        "id": "1978696056806240257",
        "title": "Soft And Warm Wool Dog Cat Bed",
        "from": {
          "petType": "cats"
        },
        "to": {
          "petType": "cats",
          "subcategory": null
        }
      },
      {
        "id": "1971137381161009154",
        "title": "12 Colors Whelping Puppy ID Collars Adju",
        "from": {
          "petType": "dogs"
        },
        "to": {
          "petType": "dogs",
          "subcategory": null
        }
      },
      {
        "id": "1965667532353343490",
        "title": "Dog Potty Training Artificial Grass Pad ",
        "from": {
          "petType": "dogs"
        },
        "to": {
          "petType": "dogs",
          "subcategory": null
        }
      },
      {
        "id": "1960994080710246402",
        "title": "PETMARVEL Disposable Charcoal Puppy Pads",
        "from": {
          "petType": "dogs"
        },
        "to": {
          "petType": "dogs",
          "subcategory": null
        }
      },
      {
        "id": "1959791128691654658",
        "title": "Per Set Dog Training Pads Puppy Pee Pads",
        "from": {
          "petType": "dogs"
        },
        "to": {
          "petType": "dogs",
          "subcategory": null
        }
      },
      {
        "id": "1879346288407760898",
        "title": "Pet Canned Spoon Jar Opener Puppy Feedin",
        "from": {
          "petType": "dogs"
        },
        "to": {
          "petType": "dogs",
          "subcategory": null
        }
      },
      {
        "id": "1879013812738883586",
        "title": "PROKEl Soft Rubber Toy Puppy Slow Feeder",
        "from": {
          "petType": "dogs"
        },
        "to": {
          "petType": "dogs",
          "subcategory": null
        }
      },
      {
        "id": "1872179551709622274",
        "title": "Puppy Pads, Leak-proof Quick-drying Disp",
        "from": {
          "petType": "dogs"
        },
        "to": {
          "petType": "dogs",
          "subcategory": null
        }
      },
      {
        "id": "1856263027474452480",
        "title": "Dog Egg Crates For Mothers, Newborn Pupp",
        "from": {
          "petType": "dogs"
        },
        "to": {
          "petType": "dogs",
          "subcategory": null
        }
      },
      {
        "id": "1855894482974560256",
        "title": "Small Kennel End Table With Two Open Sid",
        "from": {
          "petType": "dogs"
        },
        "to": {
          "petType": "dogs",
          "subcategory": null
        }
      },
      {
        "id": "2410110334111614200",
        "title": "Applicable Dog Collar Name",
        "from": {
          "petType": "dogs"
        },
        "to": {
          "petType": "dogs",
          "subcategory": null
        }
      },
      {
        "id": "1807710310313644032",
        "title": "Pink Cat Houses - Soft Bed Tent Cave For",
        "from": {
          "petType": "cats"
        },
        "to": {
          "petType": "cats",
          "subcategory": null
        }
      },
      {
        "id": "1806928748680728576",
        "title": "Dog Flying Disc Dog Flying Disc Durable ",
        "from": {
          "petType": "dogs"
        },
        "to": {
          "petType": "dogs",
          "subcategory": null
        }
      },
      {
        "id": "1806943319785099264",
        "title": "Ravel Puppy Water Bowl Dog Water Bottle ",
        "from": {
          "petType": "dogs"
        },
        "to": {
          "petType": "dogs",
          "subcategory": null
        }
      },
      {
        "id": "1805551425163251712",
        "title": "Sugar Squeaky Dog Toys Aggressive Chew L",
        "from": {
          "petType": "dogs"
        },
        "to": {
          "petType": "dogs",
          "subcategory": null
        }
      },
      {
        "id": "1803614417658466304",
        "title": "Puppy Toothbrush Clean Teeth Interactive",
        "from": {
          "petType": "dogs"
        },
        "to": {
          "petType": "dogs",
          "subcategory": null
        }
      },
      {
        "id": "1721808426021834752",
        "title": "Silicone Lick Mat For Pet Dogs Slow Food",
        "from": {
          "petType": "dogs"
        },
        "to": {
          "petType": "dogs",
          "subcategory": null
        }
      },
      {
        "id": "1700376284947697664",
        "title": "Pet Puppy Carrier Bag Cats Outdoor Trave",
        "from": {
          "petType": "dogs"
        },
        "to": {
          "petType": "dogs",
          "subcategory": null
        }
      },
      {
        "id": "1668120524876566528",
        "title": "Multifunction Pet Canned Spoon Jar Opene",
        "from": {
          "petType": "dogs"
        },
        "to": {
          "petType": "dogs",
          "subcategory": null
        }
      },
      {
        "id": "1657574694545412096",
        "title": "Dog Tooth Cleaning Brush Care Finger Wra",
        "from": {
          "petType": "dogs"
        },
        "to": {
          "petType": "dogs",
          "subcategory": null
        }
      },
      {
        "id": "1632028985222123520",
        "title": "Funny Pet Dog Squeaky Toys For Small Mid",
        "from": {
          "petType": "dogs"
        },
        "to": {
          "petType": "dogs",
          "subcategory": null
        }
      },
      {
        "id": "1588826407327772672",
        "title": "Small Dog Leather Chest Strap",
        "from": {
          "petType": "dogs"
        },
        "to": {
          "petType": "dogs",
          "subcategory": null
        }
      },
      {
        "id": "1561725514673967104",
        "title": "Pets Dog Cat Baby Safety Gate Mesh Fence",
        "from": {
          "petType": "cats"
        },
        "to": {
          "petType": "cats",
          "subcategory": null
        }
      },
      {
        "id": "1517341274318721024",
        "title": "Snuffle Dog Mat Foraging Bowls Interacti",
        "from": {
          "petType": "dogs"
        },
        "to": {
          "petType": "dogs",
          "subcategory": null
        }
      },
      {
        "id": "DEE56FA4-F797-43E3-9BD8-0BC8EE993892",
        "title": "Dog Toy Play Funny Pet Puppy Chew Squeak",
        "from": {
          "petType": "dogs"
        },
        "to": {
          "petType": "dogs",
          "subcategory": null
        }
      },
      {
        "id": "50434994-F7B3-4DAD-AE52-835EED9C3CC2",
        "title": "Dog Raincoat,Waterproof Dog Rain Jacket ",
        "from": {
          "petType": "dogs"
        },
        "to": {
          "petType": "dogs",
          "subcategory": null
        }
      },
      {
        "id": "1967501908958019585",
        "title": "PawHut Rattan Elevated Cat Bed House Kit",
        "from": {
          "petType": "cats"
        },
        "to": {
          "petType": "cats",
          "subcategory": null
        }
      },
      {
        "id": "1946473004012797954",
        "title": "3 Tier Cat Playpen Cage Metal Indoor Cat",
        "from": {
          "petType": "cats"
        },
        "to": {
          "petType": "cats",
          "subcategory": null
        }
      },
      {
        "id": "1892139061461774338",
        "title": "Outdoor Cat House Cat Enclosures 110 Lar",
        "from": {
          "petType": "cats"
        },
        "to": {
          "petType": "cats",
          "subcategory": null
        }
      },
      {
        "id": "1855860959337140224",
        "title": "Wooden Outdoor Cat House, Wild Cat Shelt",
        "from": {
          "petType": "cats"
        },
        "to": {
          "petType": "cats",
          "subcategory": null
        }
      },
      {
        "id": "1851542684281229312",
        "title": "Interactive Ball Smart Cat Toys, Plush E",
        "from": {
          "petType": "cats"
        },
        "to": {
          "petType": "cats",
          "subcategory": null
        }
      },
      {
        "id": "1851510171403964416",
        "title": "Outdoor Cat House Cat Enclosure",
        "from": {
          "petType": "cats"
        },
        "to": {
          "petType": "cats",
          "subcategory": null
        }
      },
      {
        "id": "1806253910924349440",
        "title": "Cat Recovery Cone Collar Pet E-Collar El",
        "from": {
          "petType": "cats"
        },
        "to": {
          "petType": "cats",
          "subcategory": null
        }
      },
      {
        "id": "1805807592162611200",
        "title": "Catnip Toys Balls That Stick On Wall Pet",
        "from": {
          "petType": "cats"
        },
        "to": {
          "petType": "cats",
          "subcategory": null
        }
      },
      {
        "id": "1805796399821770752",
        "title": "Catnip Feeder Cat Toy Cat Indoor Cat Sel",
        "from": {
          "petType": "cats"
        },
        "to": {
          "petType": "cats",
          "subcategory": null
        }
      },
      {
        "id": "1786274371230126080",
        "title": "Adjustable Pet Cat Leash Set, Angel Wing",
        "from": {
          "petType": "cats"
        },
        "to": {
          "petType": "cats",
          "subcategory": null
        }
      },
      {
        "id": "1784445710201933824",
        "title": "Cat Harness Leash Set With Cute Bee Plai",
        "from": {
          "petType": "cats"
        },
        "to": {
          "petType": "cats",
          "subcategory": null
        }
      },
      {
        "id": "1750132340162449408",
        "title": "Cat Toy Balls, Interactive Pet Play Ball",
        "from": {
          "petType": "cats"
        },
        "to": {
          "petType": "cats",
          "subcategory": null
        }
      },
      {
        "id": "1573847847211520000",
        "title": "Kitty Cat Litter Mat Trapping Honeycomb ",
        "from": {
          "petType": "cats"
        },
        "to": {
          "petType": "cats",
          "subcategory": null
        }
      }
    ]
  },
  "changes": [
    {
      "id": "1996064726721794050",
      "title": "Stylish And Spacious Foldable Soft Pet C",
      "from": {
        "petType": "cats"
      },
      "to": {
        "petType": "cats",
        "subcategory": null
      }
    },
    {
      "id": "1996111912750710786",
      "title": "Dog Bed - Warm Plush Pet Bed With Remova",
      "from": {
        "petType": "dogs"
      },
      "to": {
        "petType": "dogs",
        "subcategory": null
      }
    },
    {
      "id": "1996100265990180865",
      "title": "Outdoor Cat Play Tent With Tunnel, Porta",
      "from": {
        "petType": "cats"
      },
      "to": {
        "petType": "cats",
        "subcategory": null
      }
    },
    {
      "id": "1993916062320009218",
      "title": "Gardner Small Dog Outdoor Waterproof Por",
      "from": {
        "petType": "dogs"
      },
      "to": {
        "petType": "dogs",
        "subcategory": null
      }
    },
    {
      "id": "1993885211980353537",
      "title": "Pet Tear Stain Removal Powder - Natural ",
      "from": {
        "petType": "dogs"
      },
      "to": {
        "petType": "dogs",
        "subcategory": null
      }
    },
    {
      "id": "1993882260050169858",
      "title": "Pet Dental Powder - Freshens Breath, Pro",
      "from": {
        "petType": "dogs"
      },
      "to": {
        "petType": "dogs",
        "subcategory": null
      }
    },
    {
      "id": "1993155042347737090",
      "title": "2-in-1 Pet Grooming Gloves & Brushes For",
      "from": {
        "petType": "cats"
      },
      "to": {
        "petType": "cats",
        "subcategory": null
      }
    },
    {
      "id": "1993006928471289857",
      "title": "Pet Stroller 4-Wheels Dog Stroller Carri",
      "from": {
        "petType": "dogs"
      },
      "to": {
        "petType": "dogs",
        "subcategory": null
      }
    },
    {
      "id": "1993039311227625473",
      "title": "Wood Pet Stairs/Pet Steps, 2-in-1 Foldab",
      "from": {
        "petType": "dogs"
      },
      "to": {
        "petType": "dogs",
        "subcategory": null
      }
    },
    {
      "id": "1993007032305479682",
      "title": "Pet Stroller Foldable 4 Wheels Travel Do",
      "from": {
        "petType": "dogs"
      },
      "to": {
        "petType": "dogs",
        "subcategory": null
      }
    },
    {
      "id": "1993006996016361474",
      "title": "Pet Stroller Foldable 4 Wheels Dog Strol",
      "from": {
        "petType": "dogs"
      },
      "to": {
        "petType": "dogs",
        "subcategory": null
      }
    },
    {
      "id": "1992955820617003009",
      "title": "Elevated Lounge Pet Bed Foldable Bunk Do",
      "from": {
        "petType": "dogs"
      },
      "to": {
        "petType": "dogs",
        "subcategory": null
      }
    },
    {
      "id": "1993007067604742145",
      "title": "Pet Stroller, 4 Wheels Dog Stroller Rota",
      "from": {
        "petType": "dogs"
      },
      "to": {
        "petType": "dogs",
        "subcategory": null
      }
    },
    {
      "id": "1993006962566787073",
      "title": "Pet Stroller Foldable 3 Wheels Dog Strol",
      "from": {
        "petType": "dogs"
      },
      "to": {
        "petType": "dogs",
        "subcategory": null
      }
    },
    {
      "id": "1992488017443860482",
      "title": "Cat Walking Rope, Vest Style Dog Cartoon",
      "from": {
        "petType": "cats"
      },
      "to": {
        "petType": "cats",
        "subcategory": null
      }
    },
    {
      "id": "1992473230051815426",
      "title": "Dog Toys, Sound-sounding, Food-hiding, E",
      "from": {
        "petType": "dogs"
      },
      "to": {
        "petType": "dogs",
        "subcategory": null
      }
    },
    {
      "id": "1992483683275927554",
      "title": "Pet Colorful Teething Toy Balls, Teethin",
      "from": {
        "petType": "dogs"
      },
      "to": {
        "petType": "dogs",
        "subcategory": null
      }
    },
    {
      "id": "1991786961910530050",
      "title": "Pet Stroller For Dogs And Cats - Foldabl",
      "from": {
        "petType": "cats"
      },
      "to": {
        "petType": "cats",
        "subcategory": null
      }
    },
    {
      "id": "1991750114320744449",
      "title": "Cross-border Dog Bowl, Double-ear Handle",
      "from": {
        "petType": "dogs"
      },
      "to": {
        "petType": "dogs",
        "subcategory": null
      }
    },
    {
      "id": "1991244926845751298",
      "title": "2-in-1 Pet Bike Trailer for Small Dogs",
      "from": {
        "petType": "dogs"
      },
      "to": {
        "petType": "dogs",
        "subcategory": null
      }
    },
    {
      "id": "1991249014612287489",
      "title": "Pet Feeding Station Pet Dish Bowl Set wi",
      "from": {
        "petType": "dogs"
      },
      "to": {
        "petType": "dogs",
        "subcategory": null
      }
    },
    {
      "id": "1991248814751649793",
      "title": "Raised Pet Food Elevated Feeder with 2 S",
      "from": {
        "petType": "dogs"
      },
      "to": {
        "petType": "dogs",
        "subcategory": null
      }
    },
    {
      "id": "1991061266784509954",
      "title": "Dog Chew Toy With Rubber Tire & Tug Of W",
      "from": {
        "petType": "dogs"
      },
      "to": {
        "petType": "dogs",
        "subcategory": null
      }
    },
    {
      "id": "1991089054435762178",
      "title": "Pet Stroller, 4 Wheels Dog Stroller Rota",
      "from": {
        "petType": "dogs"
      },
      "to": {
        "petType": "dogs",
        "subcategory": null
      }
    },
    {
      "id": "1991245205112655874",
      "title": "Foldable Pet Swimming Pool",
      "from": {
        "petType": "dogs"
      },
      "to": {
        "petType": "dogs",
        "subcategory": null
      }
    },
    {
      "id": "1991249103250513921",
      "title": "Pet Feeding Station",
      "from": {
        "petType": "dogs"
      },
      "to": {
        "petType": "dogs",
        "subcategory": null
      }
    },
    {
      "id": "1991247152274202625",
      "title": "Pet Sofa Bed Couch with Storage",
      "from": {
        "petType": "dogs"
      },
      "to": {
        "petType": "dogs",
        "subcategory": null
      }
    },
    {
      "id": "1991247435350597634",
      "title": "Pet Sofa Dog Sofa for Small Dogs with St",
      "from": {
        "petType": "dogs"
      },
      "to": {
        "petType": "dogs",
        "subcategory": null
      }
    },
    {
      "id": "1991244853858525186",
      "title": "Pet Stroller Foldable Dog Cat Travel Car",
      "from": {
        "petType": "cats"
      },
      "to": {
        "petType": "cats",
        "subcategory": null
      }
    },
    {
      "id": "1998322673329934337",
      "title": "Tiara-Shaped Convertible Dog Bed And Sof",
      "from": {
        "petType": "dogs"
      },
      "to": {
        "petType": "dogs",
        "subcategory": null
      }
    },
    {
      "id": "1998322616719413249",
      "title": "Large Dog Bed 67x43x8 Inches - Super Sof",
      "from": {
        "petType": "dogs"
      },
      "to": {
        "petType": "dogs",
        "subcategory": null
      }
    },
    {
      "id": "1996839415274844162",
      "title": "Dog Ramp",
      "from": {
        "petType": "dogs"
      },
      "to": {
        "petType": "dogs",
        "subcategory": null
      }
    },
    {
      "id": "1996846464031129601",
      "title": "The New Dual-Color Embossed Pet Leash Se",
      "from": {
        "petType": "dogs"
      },
      "to": {
        "petType": "dogs",
        "subcategory": null
      }
    },
    {
      "id": "1996830523526524930",
      "title": "UV Printing Camouflage Embossed Pet Leas",
      "from": {
        "petType": "dogs"
      },
      "to": {
        "petType": "dogs",
        "subcategory": null
      }
    },
    {
      "id": "1996836586367791105",
      "title": "2-in-1 Dog Crate End Table - Rustic Brow",
      "from": {
        "petType": "dogs"
      },
      "to": {
        "petType": "dogs",
        "subcategory": null
      }
    },
    {
      "id": "1996870075989405697",
      "title": "Honeycomb Embossed Dual-Color Pet Leash ",
      "from": {
        "petType": "dogs"
      },
      "to": {
        "petType": "dogs",
        "subcategory": null
      }
    },
    {
      "id": "1996493861430915074",
      "title": "Adjustable Bandana Leather Pet Collar Tr",
      "from": {
        "petType": "dogs"
      },
      "to": {
        "petType": "dogs",
        "subcategory": null
      }
    },
    {
      "id": "1996128475470004225",
      "title": "Premium Plush Dog Bed With Removable Was",
      "from": {
        "petType": "dogs"
      },
      "to": {
        "petType": "dogs",
        "subcategory": null
      }
    },
    {
      "id": "1995425463360872450",
      "title": "Dog Playpen Indoor Fence Height Metal Ex",
      "from": {
        "petType": "dogs"
      },
      "to": {
        "petType": "dogs",
        "subcategory": null
      }
    },
    {
      "id": "1994702401923076097",
      "title": "63'' Large Dog Crate Furniture For Doubl",
      "from": {
        "petType": "dogs"
      },
      "to": {
        "petType": "dogs",
        "subcategory": null
      }
    },
    {
      "id": "1994702521858703361",
      "title": "47.2 Mobile Dog Crate With Flip-Top Feed",
      "from": {
        "petType": "dogs"
      },
      "to": {
        "petType": "dogs",
        "subcategory": null
      }
    },
    {
      "id": "1993164615406215169",
      "title": "Interactive Dog Treat Ball, A Chewing To",
      "from": {
        "petType": "dogs"
      },
      "to": {
        "petType": "dogs",
        "subcategory": null
      }
    },
    {
      "id": "1992943318395023361",
      "title": "Dog Ramp, Folding Pet Ramp For Bed, Adju",
      "from": {
        "petType": "dogs"
      },
      "to": {
        "petType": "dogs",
        "subcategory": null
      }
    },
    {
      "id": "1992942895668576257",
      "title": "Dog Dryer, 2800W/4.3HP Dog Blow Dryer, P",
      "from": {
        "petType": "dogs"
      },
      "to": {
        "petType": "dogs",
        "subcategory": null
      }
    },
    {
      "id": "1992943707889639426",
      "title": "Dog Whelping Box With Window Transparent",
      "from": {
        "petType": "dogs"
      },
      "to": {
        "petType": "dogs",
        "subcategory": null
      }
    },
    {
      "id": "1993013779396075521",
      "title": "Puppy Dog Whelping Pen Box Adjustable Do",
      "from": {
        "petType": "dogs"
      },
      "to": {
        "petType": "dogs",
        "subcategory": null
      }
    },
    {
      "id": "1992943361081131009",
      "title": "Dog Ramp, Folding Pet Ramp For Bed, Adju",
      "from": {
        "petType": "dogs"
      },
      "to": {
        "petType": "dogs",
        "subcategory": null
      }
    },
    {
      "id": "1992955763424149505",
      "title": "Elevated Dog Bed For Large Dogs Portable",
      "from": {
        "petType": "dogs"
      },
      "to": {
        "petType": "dogs",
        "subcategory": null
      }
    },
    {
      "id": "1992943667305553921",
      "title": "Dog Whelping Box With Window Transparent",
      "from": {
        "petType": "dogs"
      },
      "to": {
        "petType": "dogs",
        "subcategory": null
      }
    },
    {
      "id": "1992943746850529281",
      "title": "Dog Whelping Box With Window Transparent",
      "from": {
        "petType": "dogs"
      },
      "to": {
        "petType": "dogs",
        "subcategory": null
      }
    }
  ]
}