[
  {
    "id": "1996064726721794050",
    "title": "Stylish And Spacious Foldable Soft Pet Carrier For",
    "issues": [
      "Variant 0: Missing cjVariantId"
    ]
  },
  {
    "id": "1996111912750710786",
    "title": "Dog Bed - Warm Plush Pet Bed With Removable Washab",
    "issues": [
      "Variant 0: Missing cjVariantId"
    ]
  },
  {
    "id": "1996100265990180865",
    "title": "Outdoor Cat Play Tent With Tunnel, Portable Cat Pl",
    "issues": [
      "Variant 0: Missing cjVariantId"
    ]
  },
  {
    "id": "1993916062320009218",
    "title": "Gardner Small Dog Outdoor Waterproof Portable Brea",
    "issues": [
      "Variant 0: Missing cjVariantId"
    ]
  },
  {
    "id": "1993885211980353537",
    "title": "Pet Tear Stain Removal Powder - Natural And Gentle",
    "issues": [
      "Variant 0: Missing cjVariantId"
    ]
  },
  {
    "id": "1993882260050169858",
    "title": "Pet Dental Powder - Freshens Breath, Protects Gums",
    "issues": [
      "Variant 0: Missing cjVariantId"
    ]
  },
  {
    "id": "1993155042347737090",
    "title": "2-in-1 Pet Grooming Gloves & Brushes For Cats And ",
    "issues": [
      "Variant 0: Missing cjVariantId"
    ]
  },
  {
    "id": "1993006928471289857",
    "title": "Pet Stroller 4-Wheels Dog Stroller Carrier 160lbs ",
    "issues": [
      "Variant 0: Missing cjVariantId"
    ]
  },
  {
    "id": "1993039311227625473",
    "title": "Wood Pet Stairs/Pet Steps, 2-in-1 Foldable Wooden ",
    "issues": [
      "Variant 0: Missing cjVariantId"
    ]
  },
  {
    "id": "1993007032305479682",
    "title": "Pet Stroller Foldable 4 Wheels Travel Dog Stroller",
    "issues": [
      "Variant 0: Missing cjVariantId"
    ]
  },
  {
    "id": "1993006996016361474",
    "title": "Pet Stroller Foldable 4 Wheels Dog Stroller Detach",
    "issues": [
      "Variant 0: Missing cjVariantId"
    ]
  },
  {
    "id": "1992955820617003009",
    "title": "Elevated Lounge Pet Bed Foldable Bunk Dog Bed With",
    "issues": [
      "Variant 0: Missing cjVariantId"
    ]
  },
  {
    "id": "1993007067604742145",
    "title": "Pet Stroller, 4 Wheels Dog Stroller Rotate With Br",
    "issues": [
      "Variant 0: Missing cjVariantId"
    ]
  },
  {
    "id": "1993006962566787073",
    "title": "Pet Stroller Foldable 3 Wheels Dog Stroller With B",
    "issues": [
      "Variant 0: Missing cjVariantId"
    ]
  },
  {
    "id": "1992488017443860482",
    "title": "Cat Walking Rope, Vest Style Dog Cartoon Animal Wo",
    "issues": [
      "Variant 0: Missing cjVariantId"
    ]
  },
  {
    "id": "1992473230051815426",
    "title": "Dog Toys, Sound-sounding, Food-hiding, Educational",
    "issues": [
      "Variant 0: Missing cjVariantId"
    ]
  },
  {
    "id": "1992483683275927554",
    "title": "Pet Colorful Teething Toy Balls, Teething And Clea",
    "issues": [
      "Variant 0: Missing cjVariantId"
    ]
  },
  {
    "id": "1991786961910530050",
    "title": "Pet Stroller For Dogs And Cats - Foldable, Lightwe",
    "issues": [
      "Variant 0: Missing cjVariantId"
    ]
  },
  {
    "id": "1991750114320744449",
    "title": "Cross-border Dog Bowl, Double-ear Handle Silicone ",
    "issues": [
      "Variant 0: Missing cjVariantId"
    ]
  },
  {
    "id": "1991773771676569602",
    "title": "Pet Playpen, Small Animal Cage Indoor Portable Met",
    "issues": [
      "Variant 0: Missing cjVariantId"
    ]
  },
  {
    "id": "1991244926845751298",
    "title": "2-in-1 Pet Bike Trailer for Small Dogs",
    "issues": [
      "Variant 0: Missing cjVariantId"
    ]
  },
  {
    "id": "1991249014612287489",
    "title": "Pet Feeding Station Pet Dish Bowl Set with Storage",
    "issues": [
      "Variant 0: Missing cjVariantId"
    ]
  },
  {
    "id": "1991248814751649793",
    "title": "Raised Pet Food Elevated Feeder with 2 Stainless B",
    "issues": [
      "Variant 0: Missing cjVariantId"
    ]
  },
  {
    "id": "1991061266784509954",
    "title": "Dog Chew Toy With Rubber Tire & Tug Of War Rope Fo",
    "issues": [
      "Variant 0: Missing cjVariantId"
    ]
  },
  {
    "id": "1991089054435762178",
    "title": "Pet Stroller, 4 Wheels Dog Stroller Rotate With Br",
    "issues": [
      "Variant 0: Missing cjVariantId"
    ]
  },
  {
    "id": "1991245205112655874",
    "title": "Foldable Pet Swimming Pool",
    "issues": [
      "Variant 0: Missing cjVariantId"
    ]
  },
  {
    "id": "1991249103250513921",
    "title": "Pet Feeding Station",
    "issues": [
      "Variant 0: Missing cjVariantId"
    ]
  },
  {
    "id": "1991247435350597634",
    "title": "Pet Sofa Dog Sofa for Small Dogs with Storage",
    "issues": [
      "Variant 0: Missing cjVariantId"
    ]
  },
  {
    "id": "1991244853858525186",
    "title": "Pet Stroller Foldable Dog Cat Travel Carriage with",
    "issues": [
      "Variant 0: Missing cjVariantId"
    ]
  },
  {
    "id": "1991245633315397633",
    "title": "44'' Strong Pet Dog Crate Mobility Cage w/ Playpen",
    "issues": [
      "Variant 0: Missing cjVariantId"
    ]
  },
  {
    "id": "1998322673329934337",
    "title": "Tiara-Shaped Convertible Dog Bed And Sofa - 22.8\"×",
    "issues": [
      "Variant 0: Missing cjVariantId"
    ]
  },
  {
    "id": "1998322616719413249",
    "title": "Large Dog Bed 67x43x8 Inches - Super Soft, Machine",
    "issues": [
      "Variant 0: Missing cjVariantId"
    ]
  },
  {
    "id": "1996839415274844162",
    "title": "Dog Ramp",
    "issues": [
      "Variant 0: Missing cjVariantId"
    ]
  },
  {
    "id": "1996846464031129601",
    "title": "The New Dual-Color Embossed Pet Leash Set Is A Pet",
    "issues": [
      "Variant 0: Missing cjVariantId"
    ]
  },
  {
    "id": "1996830523526524930",
    "title": "UV Printing Camouflage Embossed Pet Leash Set Is A",
    "issues": [
      "Variant 0: Missing cjVariantId"
    ]
  },
  {
    "id": "1996836586367791105",
    "title": "2-in-1 Dog Crate End Table - Rustic Brown, 88lbs C",
    "issues": [
      "Variant 0: Missing cjVariantId"
    ]
  },
  {
    "id": "1996870075989405697",
    "title": "Honeycomb Embossed Dual-Color Pet Leash Set Is Sty",
    "issues": [
      "Variant 0: Missing cjVariantId"
    ]
  },
  {
    "id": "1996493861430915074",
    "title": "Adjustable Bandana Leather Pet Collar Triangle Sca",
    "issues": [
      "Variant 0: Missing cjVariantId"
    ]
  },
  {
    "id": "1996128475470004225",
    "title": "Premium Plush Dog Bed With Removable Washable Cove",
    "issues": [
      "Variant 0: Missing cjVariantId"
    ]
  },
  {
    "id": "1995425463360872450",
    "title": "Dog Playpen Indoor Fence Height Metal Exercise Pen",
    "issues": [
      "Variant 0: Missing cjVariantId"
    ]
  },
  {
    "id": "1994702521858703361",
    "title": "47.2 Mobile Dog Crate With Flip-Top Feeding Door, ",
    "issues": [
      "Variant 0: Missing cjVariantId"
    ]
  },
  {
    "id": "1993164615406215169",
    "title": "Interactive Dog Treat Ball, A Chewing Toy Suitable",
    "issues": [
      "Variant 0: Missing cjVariantId"
    ]
  },
  {
    "id": "1992943318395023361",
    "title": "Dog Ramp, Folding Pet Ramp For Bed, Adjustable Dog",
    "issues": [
      "Variant 0: Missing cjVariantId"
    ]
  },
  {
    "id": "1992942895668576257",
    "title": "Dog Dryer, 2800W/4.3HP Dog Blow Dryer, Pet Groomin",
    "issues": [
      "Variant 0: Missing cjVariantId"
    ]
  },
  {
    "id": "1992943707889639426",
    "title": "Dog Whelping Box With Window Transparent Playpen F",
    "issues": [
      "Variant 0: Missing cjVariantId"
    ]
  },
  {
    "id": "1993013779396075521",
    "title": "Puppy Dog Whelping Pen Box Adjustable Door Height ",
    "issues": [
      "Variant 0: Missing cjVariantId"
    ]
  },
  {
    "id": "1992943361081131009",
    "title": "Dog Ramp, Folding Pet Ramp For Bed, Adjustable Dog",
    "issues": [
      "Variant 0: Missing cjVariantId"
    ]
  },
  {
    "id": "1992955763424149505",
    "title": "Elevated Dog Bed For Large Dogs Portable Raised Do",
    "issues": [
      "Variant 0: Missing cjVariantId"
    ]
  },
  {
    "id": "1992943667305553921",
    "title": "Dog Whelping Box With Window Transparent Playpen F",
    "issues": [
      "Variant 0: Missing cjVariantId"
    ]
  },
  {
    "id": "1992943746850529281",
    "title": "Dog Whelping Box With Window Transparent Playpen F",
    "issues": [
      "Variant 0: Missing cjVariantId"
    ]
  },
  {
    "id": "1992955595612528642",
    "title": "Elevated Dog Bed For Large Dog Portable Raised Dog",
    "issues": [
      "Variant 0: Missing cjVariantId"
    ]
  },
  {
    "id": "1992942857831084034",
    "title": "Dog Dryer, 2800W/4.3HP Dog Blow Dryer, Pet Groomin",
    "issues": [
      "Variant 0: Missing cjVariantId"
    ]
  },
  {
    "id": "1991492625343873025",
    "title": "Scooby-Doo Durable Squeaky Set Of Dog Balls For Te",
    "issues": [
      "Variant 0: Missing cjVariantId"
    ]
  },
  {
    "id": "1991407459189784578",
    "title": "Dog Car Seat, Dog Booster Seat For Car With A Stor",
    "issues": [
      "Variant 0: Missing cjVariantId"
    ]
  },
  {
    "id": "1991247020261302274",
    "title": "Automatic Dog Ball Launcher with 26-79 FT Distance",
    "issues": [
      "Variant 0: Missing cjVariantId"
    ]
  },
  {
    "id": "1990996021906956290",
    "title": "Stainless Steel Dog Washing Station, 127 Cm Pet Gr",
    "issues": [
      "Variant 0: Missing cjVariantId"
    ]
  },
  {
    "id": "1991180368349270017",
    "title": "Dog Bike Trailer",
    "issues": [
      "Variant 0: Missing cjVariantId"
    ]
  },
  {
    "id": "1991247361706332161",
    "title": "Dog Sofa Couch Bed with Washable Cushion for Large",
    "issues": [
      "Variant 0: Missing cjVariantId"
    ]
  },
  {
    "id": "1991245237379436545",
    "title": "Outdoor Dog Kennel Galvanized Fence with Cover Sec",
    "issues": [
      "Variant 0: Missing cjVariantId"
    ]
  },
  {
    "id": "1991248488560627714",
    "title": "6 Piece Dog Agility Set with Adjustable Height Jum",
    "issues": [
      "Variant 0: Missing cjVariantId"
    ]
  },
  {
    "id": "1991248375670935554",
    "title": "Dog Car Ramp, 75\" x 20\" Extra Long and Wide, Non-S",
    "issues": [
      "Variant 0: Missing cjVariantId"
    ]
  },
  {
    "id": "1991245594123821058",
    "title": "Dog Kennel Heavy Duty Playpen with Galvanized Secu",
    "issues": [
      "Variant 0: Missing cjVariantId"
    ]
  },
  {
    "id": "1991245035423698945",
    "title": "2-in-1 Dog Bike Trailer Pet Stroller Carrier for L",
    "issues": [
      "Variant 0: Missing cjVariantId"
    ]
  },
  {
    "id": "1991249060212760577",
    "title": "Dog Food Storage Cabinet with Bowls & Dog Feeding ",
    "issues": [
      "Variant 0: Missing cjVariantId"
    ]
  },
  {
    "id": "1991247777249288193",
    "title": "Elevated Dog Ramp for Bed",
    "issues": [
      "Variant 0: Missing cjVariantId"
    ]
  },
  {
    "id": "1991245302634418177",
    "title": "Outdoor Dog Kennel with Roof",
    "issues": [
      "Variant 0: Missing cjVariantId"
    ]
  },
  {
    "id": "1991248004710588418",
    "title": "Wooden Dog Ramp with Removable Guardrails, Non-Sli",
    "issues": [
      "Variant 0: Missing cjVariantId"
    ]
  },
  {
    "id": "1991245895694278658",
    "title": "Dog Crate",
    "issues": [
      "Variant 0: Missing cjVariantId"
    ]
  },
  {
    "id": "1991245703133782017",
    "title": "Outdoor Dog Kennel with Rotating Bowl Holders",
    "issues": [
      "Variant 0: Missing cjVariantId"
    ]
  },
  {
    "id": "1991245470326886401",
    "title": "Dog House Outdoor with Canopy",
    "issues": [
      "Variant 0: Missing cjVariantId"
    ]
  },
  {
    "id": "1991248973839458305",
    "title": "Large Elevated Dog Bowls with Storage Cabinet Cont",
    "issues": [
      "Variant 0: Missing cjVariantId"
    ]
  },
  {
    "id": "1991246085775941634",
    "title": "Dog House for Medium and Small Dogs",
    "issues": [
      "Variant 0: Missing cjVariantId"
    ]
  },
  {
    "id": "1990986368192012289",
    "title": "Stainless Steel Dog Washing Station, 127 Cm Pet Gr",
    "issues": [
      "Variant 0: Missing cjVariantId"
    ]
  },
  {
    "id": "1991247477595627521",
    "title": "Elevated Dog Bed with Removable Canopy",
    "issues": [
      "Variant 0: Missing cjVariantId"
    ]
  },
  {
    "id": "1991180407968665602",
    "title": "Dog Bike Trailer 2-In-1 Pet Stroller with Canopy a",
    "issues": [
      "Variant 0: Missing cjVariantId"
    ]
  },
  {
    "id": "1991248909085741057",
    "title": "Elevated Dog Bowls with Storage",
    "issues": [
      "Variant 0: Missing cjVariantId"
    ]
  },
  {
    "id": "1991245809144815618",
    "title": "34'' 2-in-1 Dog Kennel",
    "issues": [
      "Variant 0: Missing cjVariantId"
    ]
  },
  {
    "id": "1991246649321250817",
    "title": "Outdoor Dog Kennel with Two-Room Design",
    "issues": [
      "Variant 0: Missing cjVariantId"
    ]
  },
  {
    "id": "1991246557196881922",
    "title": "Outdoor Dog Bed with Canopy",
    "issues": [
      "Variant 0: Missing cjVariantId"
    ]
  },
  {
    "id": "1991245737925533698",
    "title": "Dog Playpen with Door & Removable Cover for Small ",
    "issues": [
      "Variant 0: Missing cjVariantId"
    ]
  },
  {
    "id": "1991246152146608129",
    "title": "Cabin-Style Dog House for Large Dogs with Openable",
    "issues": [
      "Variant 0: Missing cjVariantId"
    ]
  },
  {
    "id": "1991251206486396930",
    "title": "Dog Crate End Table",
    "issues": [
      "Variant 0: Missing cjVariantId"
    ]
  },
  {
    "id": "1991244999902138370",
    "title": "Dog Stroller for Large Medium Small Dogs up to 66 ",
    "issues": [
      "Variant 0: Missing cjVariantId"
    ]
  },
  {
    "id": "1991245102712918018",
    "title": "Dog Bed",
    "issues": [
      "Variant 0: Missing cjVariantId"
    ]
  },
  {
    "id": "1991247975203659778",
    "title": "Dog Ramp with Removable Guardrails",
    "issues": [
      "Variant 0: Missing cjVariantId"
    ]
  },
  {
    "id": "1991247398553968642",
    "title": "Raised Dog Sofa",
    "issues": [
      "Variant 0: Missing cjVariantId"
    ]
  },
  {
    "id": "1991245383584485378",
    "title": "Dog House Outdoor",
    "issues": [
      "Variant 0: Missing cjVariantId"
    ]
  },
  {
    "id": "1991246685539065857",
    "title": "L Dog House Outdoor Indoor for Small",
    "issues": [
      "Variant 0: Missing cjVariantId"
    ]
  },
  {
    "id": "1998279478282907650",
    "title": "Cat Toys - Interactive Toy For Cat , Kitten Toys, ",
    "issues": [
      "Variant 0: Missing cjVariantId"
    ]
  },
  {
    "id": "1996395851484209154",
    "title": "Interactive Rolling Cat Ball",
    "issues": [
      "Variant 0: Missing cjVariantId"
    ]
  },
  {
    "id": "1996402356062965762",
    "title": "Interactive Rolling Cat Ball",
    "issues": [
      "Variant 0: Missing cjVariantId"
    ]
  },
  {
    "id": "1996404100507553794",
    "title": "Interactive Rolling Cat Ball",
    "issues": [
      "Variant 0: Missing cjVariantId"
    ]
  },
  {
    "id": "1996097390082297857",
    "title": "33in Cat Tree, Multi-level Cat Tower With Cat Scra",
    "issues": [
      "Variant 0: Missing cjVariantId"
    ]
  },
  {
    "id": "1996058560674942978",
    "title": "Multi-level Natural Pear Wood Cat Tree, Sisal Scra",
    "issues": [
      "Variant 0: Missing cjVariantId"
    ]
  },
  {
    "id": "1996066115422294017",
    "title": "33in Cat Tree, Multi-level Cat Tower With Cat Scra",
    "issues": [
      "Variant 0: Missing cjVariantId"
    ]
  },
  {
    "id": "1996062625648119810",
    "title": "27.5in Cat Tree, Multi-level Cat Tower With Cat Sc",
    "issues": [
      "Variant 0: Missing cjVariantId"
    ]
  },
  {
    "id": "1996092785891045377",
    "title": "27.5in Cat Tree, Multi-level Cat Tower With Cat Sc",
    "issues": [
      "Variant 0: Missing cjVariantId"
    ]
  },
  {
    "id": "1996088933869965313",
    "title": "33in Cat Tree, Multi-level Cat Tower With Cat Scra",
    "issues": [
      "Variant 0: Missing cjVariantId"
    ]
  },
  {
    "id": "1993889907646898178",
    "title": "Gardner Pets Large Cat Tree For Medium To Large Ca",
    "issues": [
      "Variant 0: Missing cjVariantId"
    ]
  },
  {
    "id": "1993528254033338369",
    "title": "71 Inch Flower Cat Tree With Large Condo Removable",
    "issues": [
      "Variant 0: Missing cjVariantId"
    ]
  },
  {
    "id": "1993575125405704193",
    "title": "Modern Indoor Cat Tree Wooden Cat Tower Suitable F",
    "issues": [
      "Variant 0: Missing cjVariantId"
    ]
  },
  {
    "id": "1993525212538753026",
    "title": "71 Inch Flower Cat Tree With Large Condo Removable",
    "issues": [
      "Variant 0: Missing cjVariantId"
    ]
  },
  {
    "id": "1993526282130132993",
    "title": "4.6 In Dark Gray Cat Tree Tower With Wide Base, 3 ",
    "issues": [
      "Variant 0: Missing cjVariantId"
    ]
  },
  {
    "id": "1993555922728558593",
    "title": "Cat Tunnel With Cat Bed For Indoor, Soft Plush Pee",
    "issues": [
      "Variant 0: Missing cjVariantId"
    ]
  },
  {
    "id": "1993529399758573569",
    "title": "84.6 In Light Gray Cat Tree Tower With Wide Base, ",
    "issues": [
      "Variant 0: Missing cjVariantId"
    ]
  },
  {
    "id": "1993527282507468801",
    "title": "71 Inch Flower Cat Tree With Large Condo Removable",
    "issues": [
      "Variant 0: Missing cjVariantId"
    ]
  },
  {
    "id": "1992920358406504450",
    "title": "Ceramic Cat Water Fountain 2.1L/71oz Cupcake Pet F",
    "issues": [
      "Variant 0: Missing cjVariantId"
    ]
  },
  {
    "id": "1992920109439295490",
    "title": "Cat Exercise Wheel Large Cat Treadmill Wheel For I",
    "issues": [
      "Variant 0: Missing cjVariantId"
    ]
  },
  {
    "id": "1992919985088282626",
    "title": "Cat Carrier With Wheels, Airline Approved Rolling ",
    "issues": [
      "Variant 0: Missing cjVariantId"
    ]
  },
  {
    "id": "1992920159776849922",
    "title": "Cat Exercise Wheel Large Cat Treadmill Wheel For I",
    "issues": [
      "Variant 0: Missing cjVariantId"
    ]
  },
  {
    "id": "1991779421485400065",
    "title": "Integrated Cat Archway, Aesthetically Pleasing, St",
    "issues": [
      "Variant 0: Missing cjVariantId"
    ]
  },
  {
    "id": "1991795763679121410",
    "title": "Cat Tree Tower, 65-inch Large Cat Tree, With Hammo",
    "issues": [
      "Variant 0: Missing cjVariantId"
    ]
  },
  {
    "id": "1991249902657638402",
    "title": "Handwoven Elevated Cat Bed with Soft Cushion & Egg",
    "issues": [
      "Variant 0: Missing cjVariantId"
    ]
  },
  {
    "id": "1991250489308602369",
    "title": "Cattail Weave Cat Tree for Indoor Cats Kitty Tower",
    "issues": [
      "Variant 0: Missing cjVariantId"
    ]
  },
  {
    "id": "1991251941870198785",
    "title": "Catio Playground Cat Window Box Outside Enclosure ",
    "issues": [
      "Variant 0: Missing cjVariantId"
    ]
  },
  {
    "id": "1991252077651726338",
    "title": "Catio Outdoor Cat Enclosure with Waterproof Cover",
    "issues": [
      "Variant 0: Missing cjVariantId"
    ]
  },
  {
    "id": "1991251352687251457",
    "title": "Hooded Cat Litter Box w/ Litter Mat",
    "issues": [
      "Variant 0: Missing cjVariantId"
    ]
  },
  {
    "id": "1991250380671934466",
    "title": "Cat Condo",
    "issues": [
      "Variant 0: Missing cjVariantId"
    ]
  },
  {
    "id": "1991250761623789569",
    "title": "Cat Tree for Indoor Cats with Hammock",
    "issues": [
      "Variant 0: Missing cjVariantId"
    ]
  },
  {
    "id": "1991250136800464897",
    "title": "2-story Cat House Outdoor",
    "issues": [
      "Variant 0: Missing cjVariantId"
    ]
  },
  {
    "id": "1991251103571435522",
    "title": "Modern Cat Litter Box Enclosure with Adjustable Pa",
    "issues": [
      "Variant 0: Missing cjVariantId"
    ]
  },
  {
    "id": "1991250058522169345",
    "title": "Outdoor Cat House",
    "issues": [
      "Variant 0: Missing cjVariantId"
    ]
  },
  {
    "id": "1991251034050846722",
    "title": "Cat Litter Box Toilet with Lid",
    "issues": [
      "Variant 0: Missing cjVariantId"
    ]
  },
  {
    "id": "1991251169224200193",
    "title": "Cat Litter Box with Lid",
    "issues": [
      "Variant 0: Missing cjVariantId"
    ]
  },
  {
    "id": "1991250453531189249",
    "title": "Cat House with Soft Cushion",
    "issues": [
      "Variant 0: Missing cjVariantId"
    ]
  },
  {
    "id": "1991251742522642433",
    "title": "Outdoor Cat House",
    "issues": [
      "Variant 0: Missing cjVariantId"
    ]
  },
  {
    "id": "1991250839688175618",
    "title": "Cat Bed with Washable Cushion for Cats",
    "issues": [
      "Variant 0: Missing cjVariantId"
    ]
  },
  {
    "id": "1991251314561028097",
    "title": "Dome Covered Cat Litter Box with Lid",
    "issues": [
      "Variant 0: Missing cjVariantId"
    ]
  },
  {
    "id": "1991251490172342274",
    "title": "Cat Litter Box Enclosure with Drawers",
    "issues": [
      "Variant 0: Missing cjVariantId"
    ]
  },
  {
    "id": "1991250346089897985",
    "title": "Cat Tree",
    "issues": [
      "Variant 0: Missing cjVariantId"
    ]
  },
  {
    "id": "1991251862223884289",
    "title": "Cat Tree House with Scratching Post and Wheels",
    "issues": [
      "Variant 0: Missing cjVariantId"
    ]
  },
  {
    "id": "1991251536603287554",
    "title": "Covered Cat Litter Box with Lid",
    "issues": [
      "Variant 0: Missing cjVariantId"
    ]
  },
  {
    "id": "1991251133513895937",
    "title": "Modern Cat Litter Box Enclosure with Adjustable Pa",
    "issues": [
      "Variant 0: Missing cjVariantId"
    ]
  },
  {
    "id": "1991251439602294785",
    "title": "Cat Litter Box with Scoop",
    "issues": [
      "Variant 0: Missing cjVariantId"
    ]
  },
  {
    "id": "1991250879601172481",
    "title": "1 Cat Tree Tower 3-Step Pet Stairs with Scratching",
    "issues": [
      "Variant 0: Missing cjVariantId"
    ]
  },
  {
    "id": "1991251901889417218",
    "title": "Large Outdoor Cat House for 3 Kitties",
    "issues": [
      "Variant 0: Missing cjVariantId"
    ]
  },
  {
    "id": "1991252195956264961",
    "title": "Cat House",
    "issues": [
      "Variant 0: Missing cjVariantId"
    ]
  },
  {
    "id": "1991251570090610689",
    "title": "Cat Litter Box Enclosure End Side Table with Scrat",
    "issues": [
      "Variant 0: Missing cjVariantId"
    ]
  },
  {
    "id": "1991250658972393474",
    "title": "Cat Shelves for Indoor Cats",
    "issues": [
      "Variant 0: Missing cjVariantId"
    ]
  },
  {
    "id": "1991250283638853633",
    "title": "Floor-to-Ceiling Cat Tree Cat Climbing Tower with ",
    "issues": [
      "Variant 0: Missing cjVariantId"
    ]
  },
  {
    "id": "1991250918279667713",
    "title": "31\" Cat Tree Tower with Scratching Posts",
    "issues": [
      "Variant 0: Missing cjVariantId"
    ]
  },
  {
    "id": "1991251276577411074",
    "title": "Fully Enclosed Cat Litter Box with Front Entry and",
    "issues": [
      "Variant 0: Missing cjVariantId"
    ]
  },
  {
    "id": "1991251241798242306",
    "title": "Cat Litter Box Enclosure Side Table",
    "issues": [
      "Variant 0: Missing cjVariantId"
    ]
  },
  {
    "id": "1991252313983979522",
    "title": "Cat Run with Weather Protection",
    "issues": [
      "Variant 0: Missing cjVariantId"
    ]
  },
  {
    "id": "1991251388897353730",
    "title": "Hooded Cat Litter Box",
    "issues": [
      "Variant 0: Missing cjVariantId"
    ]
  },
  {
    "id": "1991251071602450434",
    "title": "Cat Litter Box Enclosure",
    "issues": [
      "Variant 0: Missing cjVariantId"
    ]
  },
  {
    "id": "1991250315872079874",
    "title": "Cat Shelf for Wall",
    "issues": [
      "Variant 0: Missing cjVariantId"
    ]
  },
  {
    "id": "1991250975926181890",
    "title": "69\" Cat Tree",
    "issues": [
      "Variant 0: Missing cjVariantId"
    ]
  },
  {
    "id": "1991247702989135873",
    "title": "4 Levels Cat Steps with Scratching Posts for High ",
    "issues": [
      "Variant 0: Missing cjVariantId"
    ]
  },
  {
    "id": "1991251822818398210",
    "title": "H Cat House Kitten Enclosure Playpen Frame with 3 ",
    "issues": [
      "Variant 0: Missing cjVariantId"
    ]
  },
  {
    "id": "1991250728891441153",
    "title": "Cat Tree for Indoor Cats w/ Scratching Posts",
    "issues": [
      "Variant 0: Missing cjVariantId"
    ]
  },
  {
    "id": "1991252031192096769",
    "title": "Catio, Outdoor Cat Enclosure House on Wheels with ",
    "issues": [
      "Variant 0: Missing cjVariantId"
    ]
  },
  {
    "id": "1991252121159241730",
    "title": "Catio Cat Window Box Outside Enclosure with Bridge",
    "issues": [
      "Variant 0: Missing cjVariantId"
    ]
  },
  {
    "id": "1991250243151237121",
    "title": "20.5\" Weaved Cat Bed",
    "issues": [
      "Variant 0: Missing cjVariantId"
    ]
  },
  {
    "id": "1991252164423487489",
    "title": "Catio Outdoor Cat Enclosure",
    "issues": [
      "Variant 0: Missing cjVariantId"
    ]
  },
  {
    "id": "1991249937998843906",
    "title": "Heated Cat Houses for Outdoor and Indoor",
    "issues": [
      "Variant 0: Missing cjVariantId"
    ]
  },
  {
    "id": "1991251642287165442",
    "title": "Cat Litter Box Enclosure with Barn Door",
    "issues": [
      "Variant 0: Missing cjVariantId"
    ]
  },
  {
    "id": "1991250561748426754",
    "title": "Outdoor Cat House",
    "issues": [
      "Variant 0: Missing cjVariantId"
    ]
  },
  {
    "id": "1991247667564044289",
    "title": "Cat Tree",
    "issues": [
      "Variant 0: Missing cjVariantId"
    ]
  },
  {
    "id": "1990691629160779777",
    "title": "Cat Tree with Scratching Post 49 cm Seagrass",
    "issues": [
      "Variant 0: Missing cjVariantId"
    ]
  },
  {
    "id": "1990702967379513345",
    "title": "Cat Litter with Baby Powder Scent Bentonite 20L",
    "issues": [
      "Variant 0: Missing cjVariantId"
    ]
  },
  {
    "id": "1990691674766823426",
    "title": "Cat Tree with Luxurious Cushion 148 cm Seagrass",
    "issues": [
      "Variant 0: Missing cjVariantId"
    ]
  },
  {
    "id": "1990621631432286209",
    "title": "Wall Mounted Cat Shelves, Cat Wall Shelves And Per",
    "issues": [
      "Variant 0: Missing cjVariantId"
    ]
  },
  {
    "id": "1990691662108413953",
    "title": "Cat Basket Round 36 cm Seagrass",
    "issues": [
      "Variant 0: Missing cjVariantId"
    ]
  },
  {
    "id": "1990604523990343681",
    "title": "3-Tier Cat Cage Enclosure Indoor Cat Cage Playpen ",
    "issues": [
      "Variant 0: Missing cjVariantId"
    ]
  },
  {
    "id": "1990691561905115137",
    "title": "Cat Scratching Post with Sisal Scratching Bar 50 c",
    "issues": [
      "Variant 0: Missing cjVariantId"
    ]
  },
  {
    "id": "1990691590074060802",
    "title": "Cat Basket Seagrass",
    "issues": [
      "Variant 0: Missing cjVariantId"
    ]
  },
  {
    "id": "1990691621283876865",
    "title": "Cat House with Luxurious Cat Bed 33 cm Seagrass",
    "issues": [
      "Variant 0: Missing cjVariantId"
    ]
  },
  {
    "id": "1990691641781440513",
    "title": "Cat Tree with Wooden Legs 41 cm Seagrass",
    "issues": [
      "Variant 0: Missing cjVariantId"
    ]
  },
  {
    "id": "1990691685007937537",
    "title": "Cat Scratching Post 123 cm Seagrass",
    "issues": [
      "Variant 0: Missing cjVariantId"
    ]
  },
  {
    "id": "1990441216217755650",
    "title": "Foldable Puppy Playpen with Carrying Bag 125x Fold",
    "issues": [
      "Variant 0: Missing cjVariantId"
    ]
  },
  {
    "id": "1988495891753312257",
    "title": "Dog Playpen Indoor Fence Height Metal Exercise Pen",
    "issues": [
      "Variant 0: Missing cjVariantId"
    ]
  },
  {
    "id": "1982440547655647234",
    "title": "Comfortable Cotton Dog Bag Pet Out Crossbody Shoul",
    "issues": [
      "Variant 0: Missing cjVariantId"
    ]
  },
  {
    "id": "1979841815190630402",
    "title": "Soft Warm Fleece Puppy Cat Bed Dog Cozy Nest Sofa ",
    "issues": [
      "Variant 0: Missing cjVariantId"
    ]
  },
  {
    "id": "1978696056806240257",
    "title": "Soft And Warm Wool Dog Cat Bed",
    "issues": [
      "Variant 0: Missing cjVariantId"
    ]
  },
  {
    "id": "1971137381161009154",
    "title": "12 Colors Whelping Puppy ID Collars Adjustable Dou",
    "issues": [
      "Variant 0: Missing cjVariantId"
    ]
  },
  {
    "id": "1965667532353343490",
    "title": "Dog Potty Training Artificial Grass Pad Pet Cat To",
    "issues": [
      "Variant 0: Missing cjVariantId"
    ]
  },
  {
    "id": "1961278668578516994",
    "title": "Small Animal Playpen With Door Dog Metal Playpen S",
    "issues": [
      "Variant 0: Missing cjVariantId"
    ]
  },
  {
    "id": "1960994080710246402",
    "title": "PETMARVEL Disposable Charcoal Puppy Pads Odor Cont",
    "issues": [
      "Variant 0: Missing cjVariantId"
    ]
  },
  {
    "id": "1959791128691654658",
    "title": "Per Set Dog Training Pads Puppy Pee Pads Cat Wee M",
    "issues": [
      "Variant 0: Missing cjVariantId"
    ]
  },
  {
    "id": "1879346288407760898",
    "title": "Pet Canned Spoon Jar Opener Puppy FeedingMixing We",
    "issues": [
      "Variant 0: Missing cjVariantId"
    ]
  },
  {
    "id": "1879013812738883586",
    "title": "PROKEl Soft Rubber Toy Puppy Slow Feeder PadPeanut",
    "issues": [
      "Variant 0: Missing cjVariantId"
    ]
  },
  {
    "id": "1872179551709622274",
    "title": "Puppy Pads, Leak-proof Quick-drying Disposable Dog",
    "issues": [
      "Variant 0: Missing cjVariantId"
    ]
  },
  {
    "id": "1856263027474452480",
    "title": "Dog Egg Crates For Mothers, Newborn Puppy Supplies",
    "issues": [
      "Variant 0: Missing cjVariantId"
    ]
  },
  {
    "id": "1855894482974560256",
    "title": "Small Kennel End Table With Two Open Sides And Loc",
    "issues": [
      "Variant 0: Missing cjVariantId"
    ]
  },
  {
    "id": "2410110334111614200",
    "title": "Applicable Dog Collar Name",
    "issues": [
      "Variant 0: Missing cjVariantId"
    ]
  },
  {
    "id": "1807710310313644032",
    "title": "Pink Cat Houses - Soft Bed Tent Cave For Indoor Ca",
    "issues": [
      "Variant 0: Missing cjVariantId"
    ]
  },
  {
    "id": "1806928748680728576",
    "title": "Dog Flying Disc Dog Flying Disc Durable And Intera",
    "issues": [
      "Variant 0: Missing cjVariantId"
    ]
  },
  {
    "id": "1806943319785099264",
    "title": "Ravel Puppy Water Bowl Dog Water Bottle With Food ",
    "issues": [
      "Variant 0: Missing cjVariantId"
    ]
  },
  {
    "id": "1805551425163251712",
    "title": "Sugar Squeaky Dog Toys Aggressive Chew Large Mediu",
    "issues": [
      "Variant 0: Missing cjVariantId"
    ]
  },
  {
    "id": "1803614417658466304",
    "title": "Puppy Toothbrush Clean Teeth Interactive Corn Toys",
    "issues": [
      "Variant 0: Missing cjVariantId"
    ]
  },
  {
    "id": "1721808426021834752",
    "title": "Silicone Lick Mat For Pet Dogs Slow Food Plate Ric",
    "issues": [
      "Variant 0: Missing cjVariantId"
    ]
  },
  {
    "id": "1700376284947697664",
    "title": "Pet Puppy Carrier Bag Cats Outdoor Travel Dog Subw",
    "issues": [
      "Variant 0: Missing cjVariantId"
    ]
  },
  {
    "id": "1668120524876566528",
    "title": "Multifunction Pet Canned Spoon Jar Opener Puppy Fe",
    "issues": [
      "Variant 0: Missing cjVariantId"
    ]
  },
  {
    "id": "1657574694545412096",
    "title": "Dog Tooth Cleaning Brush Care Finger Wrap Cat Dog ",
    "issues": [
      "Variant 0: Missing cjVariantId"
    ]
  },
  {
    "id": "1632028985222123520",
    "title": "Funny Pet Dog Squeaky Toys For Small Middle Dogs B",
    "issues": [
      "Variant 0: Missing cjVariantId"
    ]
  },
  {
    "id": "1588826407327772672",
    "title": "Small Dog Leather Chest Strap",
    "issues": [
      "Variant 0: Missing cjVariantId"
    ]
  },
  {
    "id": "1561725514673967104",
    "title": "Pets Dog Cat Baby Safety Gate Mesh Fence Magic Por",
    "issues": [
      "Variant 0: Missing cjVariantId"
    ]
  },
  {
    "id": "1517341274318721024",
    "title": "Snuffle Dog Mat Foraging Bowls Interactive Puppy T",
    "issues": [
      "Variant 0: Missing cjVariantId"
    ]
  },
  {
    "id": "DEE56FA4-F797-43E3-9BD8-0BC8EE993892",
    "title": "Dog Toy Play Funny Pet Puppy Chew Squeaker Squeaky",
    "issues": [
      "Missing cjProductId - cannot extract from id",
      "Variant 0: Missing cjVariantId"
    ]
  },
  {
    "id": "50434994-F7B3-4DAD-AE52-835EED9C3CC2",
    "title": "Dog Raincoat,Waterproof Dog Rain Jacket With Safet",
    "issues": [
      "Missing cjProductId - cannot extract from id",
      "Variant 0: Missing cjVariantId"
    ]
  },
  {
    "id": "1967849097931362306",
    "title": "PawHut Cat House Bed Kitten Cave Cube Indoor For S",
    "issues": [
      "Variant 0: Missing cjVariantId"
    ]
  },
  {
    "id": "1946473004012797954",
    "title": "3 Tier Cat Playpen Cage Metal Indoor Cat House Det",
    "issues": [
      "Variant 0: Missing cjVariantId"
    ]
  },
  {
    "id": "1892139061461774338",
    "title": "Outdoor Cat House Cat Enclosures 110 Large Kitten ",
    "issues": [
      "Variant 0: Missing cjVariantId"
    ]
  },
  {
    "id": "1855860959337140224",
    "title": "Wooden Outdoor Cat House, Wild Cat Shelter Kitten ",
    "issues": [
      "Variant 0: Missing cjVariantId"
    ]
  },
  {
    "id": "1851542684281229312",
    "title": "Interactive Ball Smart Cat Toys, Plush Electric Ca",
    "issues": [
      "Variant 0: Missing cjVariantId"
    ]
  },
  {
    "id": "1851510171403964416",
    "title": "Outdoor Cat House Cat Enclosure",
    "issues": [
      "Variant 0: Missing cjVariantId"
    ]
  },
  {
    "id": "1806253910924349440",
    "title": "Cat Recovery Cone Collar Pet E-Collar Elizabethan ",
    "issues": [
      "Variant 0: Missing cjVariantId"
    ]
  },
  {
    "id": "1805807592162611200",
    "title": "Catnip Toys Balls That Stick On Wall Pet Massage B",
    "issues": [
      "Variant 0: Missing cjVariantId"
    ]
  },
  {
    "id": "1805796399821770752",
    "title": "Catnip Feeder Cat Toy Cat Indoor Cat Self Groomer ",
    "issues": [
      "Variant 0: Missing cjVariantId"
    ]
  },
  {
    "id": "1786274371230126080",
    "title": "Adjustable Pet Cat Leash Set, Angel Wings Design, ",
    "issues": [
      "Variant 0: Missing cjVariantId"
    ]
  },
  {
    "id": "1784445710201933824",
    "title": "Cat Harness Leash Set With Cute Bee Plaid Cats Esc",
    "issues": [
      "Variant 0: Missing cjVariantId"
    ]
  },
  {
    "id": "1750132340162449408",
    "title": "Cat Toy Balls, Interactive Pet Play Balls Sisal Ro",
    "issues": [
      "Variant 0: Missing cjVariantId"
    ]
  },
  {
    "id": "1573847847211520000",
    "title": "Kitty Cat Litter Mat Trapping Honeycomb Double Lay",
    "issues": [
      "Variant 0: Missing cjVariantId"
    ]
  },
  {
    "id": "cj_50487F85-3F15-463B-BADA-6BB15CA1E172",
    "title": "Portable Dog Sling For Back Legs, Hip Support Harn",
    "issues": [
      "Missing cjProductId - cannot extract from id"
    ]
  },
  {
    "id": "cj_F70C029C-846B-4996-A3FA-35AAA059655F",
    "title": "K9 baseball cap",
    "issues": [
      "Missing cjProductId - cannot extract from id"
    ]
  },
  {
    "id": "cj_4C343FD5-9CDD-4B01-BFE0-37EB973651EA",
    "title": "K9 six-finger telescopic eating chicken artifact",
    "issues": [
      "Missing cjProductId - cannot extract from id"
    ]
  },
  {
    "id": "cj_40C22753-2F3A-4860-80AB-EE621B563FDF",
    "title": "Tactical large dog vest dog patrol equipment pet d",
    "issues": [
      "Missing cjProductId - cannot extract from id"
    ]
  },
  {
    "id": "cj_988B0F88-EA4A-4996-8AF0-71AF82E4625C",
    "title": "Medium and large dogs explosion-proof rushing K9 c",
    "issues": [
      "Missing cjProductId - cannot extract from id"
    ]
  },
  {
    "id": "cj_C01F594B-2F91-4A34-AFEF-08B8A3EA27CA",
    "title": "Explosion-proof Oxford Cloth K9 Chest Back Dog Str",
    "issues": [
      "Missing cjProductId - cannot extract from id"
    ]
  },
  {
    "id": "cj_F3318ABD-22AB-44DB-BAF1-248E0A06E8AF",
    "title": "Yorkshire terrier pup, imitation dog",
    "issues": [
      "Missing cjProductId - cannot extract from id"
    ]
  },
  {
    "id": "cj_8C1AFDC0-8C84-44CF-A3E0-13B348FA319F",
    "title": "My Doggy Top | Dog diamond embroidery",
    "issues": [
      "Missing cjProductId - cannot extract from id"
    ]
  },
  {
    "id": "cj_7F1108E5-6138-47C3-93C8-D3F718D6D2F9",
    "title": "Doggo Desktop Lamp",
    "issues": [
      "Missing cjProductId - cannot extract from id"
    ]
  },
  {
    "id": "cj_6DBD3FB1-B8AF-4F55-A164-6612EC458E0D",
    "title": "Feline Funny Cat Stick",
    "issues": [
      "Missing cjProductId - cannot extract from id"
    ]
  },
  {
    "id": "cj_B660F8B7-F65D-4CF4-BF42-46078A59494F",
    "title": "Feline Funny Cat Stick",
    "issues": [
      "Missing cjProductId - cannot extract from id"
    ]
  }
]