[
  {
    "id": "1996064726721794050",
    "title": "Stylish And Spacious Foldable Soft Pet Carrier For Dogs And Cats",
    "variants": [
      {
        "id": "1996064726721794050::default",
        "title": "Standard"
      }
    ]
  },
  {
    "id": "1996111912750710786",
    "title": "Dog Bed - Warm Plush Pet Bed With Removable Washable Cover, Versatile Dog Mat For Indoor Outdoor Use",
    "variants": [
      {
        "id": "1996111912750710786::default",
        "title": "Standard"
      }
    ]
  },
  {
    "id": "1996100265990180865",
    "title": "Outdoor Cat Play Tent With Tunnel, Portable Cat Playhouse For Indoor Outdoor, Cat Playpen Enclosed F",
    "variants": [
      {
        "id": "1996100265990180865::default",
        "title": "Standard"
      }
    ]
  },
  {
    "id": "1993916062320009218",
    "title": "Gardner Small Dog Outdoor Waterproof Portable Breathable Mesh Pet Bed With Three-Sided Guardrail Sel",
    "variants": [
      {
        "id": "1993916062320009218::default",
        "title": "Standard"
      }
    ]
  },
  {
    "id": "1993885211980353537",
    "title": "Pet Tear Stain Removal Powder - Natural And Gentle Formula, Eye And Fur Care, Tear Stain Removal And",
    "variants": [
      {
        "id": "1993885211980353537::default",
        "title": "Standard"
      }
    ]
  },
  {
    "id": "1993882260050169858",
    "title": "Pet Dental Powder - Freshens Breath, Protects Gums And Strengthens Teeth. An Essential For Daily Ora",
    "variants": [
      {
        "id": "1993882260050169858::default",
        "title": "Standard"
      }
    ]
  },
  {
    "id": "1993155042347737090",
    "title": "2-in-1 Pet Grooming Gloves & Brushes For Cats And Dogs High-Efficiency Hair Removal & Massage Gloves",
    "variants": [
      {
        "id": "1993155042347737090::default",
        "title": "Standard"
      }
    ]
  },
  {
    "id": "1993006928471289857",
    "title": "Pet Stroller 4-Wheels Dog Stroller Carrier 160lbs Weight Capacity Portable",
    "variants": [
      {
        "id": "1993006928471289857::default",
        "title": "Standard"
      }
    ]
  },
  {
    "id": "1993039311227625473",
    "title": "Wood Pet Stairs/Pet Steps, 2-in-1 Foldable Wooden Dog Stair For Beds, Sofa And Cars, Dog Stairs & Ra",
    "variants": [
      {
        "id": "1993039311227625473::default",
        "title": "Standard"
      }
    ]
  },
  {
    "id": "1993007032305479682",
    "title": "Pet Stroller Foldable 4 Wheels Travel Dog Stroller Reversible Handle Up To 44lbs",
    "variants": [
      {
        "id": "1993007032305479682::default",
        "title": "Standard"
      }
    ]
  },
  {
    "id": "1993006996016361474",
    "title": "Pet Stroller Foldable 4 Wheels Dog Stroller Detachable Carrier Up To 35lbs",
    "variants": [
      {
        "id": "1993006996016361474::default",
        "title": "Standard"
      }
    ]
  },
  {
    "id": "1992955820617003009",
    "title": "Elevated Lounge Pet Bed Foldable Bunk Dog Bed With Wheels & Side Bags L",
    "variants": [
      {
        "id": "1992955820617003009::default",
        "title": "Standard"
      }
    ]
  },
  {
    "id": "1993007067604742145",
    "title": "Pet Stroller, 4 Wheels Dog Stroller Rotate With Brakes, 66 Lbs Weight Capacity, Puppy Stroller With ",
    "variants": [
      {
        "id": "1993007067604742145::default",
        "title": "Standard"
      }
    ]
  },
  {
    "id": "1993006962566787073",
    "title": "Pet Stroller Foldable 3 Wheels Dog Stroller With Brake Up To 35lbs Travel Camp",
    "variants": [
      {
        "id": "1993006962566787073::default",
        "title": "Standard"
      }
    ]
  },
  {
    "id": "1992488017443860482",
    "title": "Cat Walking Rope, Vest Style Dog Cartoon Animal Wool Grain Leash, Autumn And Winter Pet Cat Leash",
    "variants": [
      {
        "id": "1992488017443860482::default",
        "title": "Standard"
      }
    ]
  },
  {
    "id": "1992473230051815426",
    "title": "Dog Toys, Sound-sounding, Food-hiding, Educational, Self-entertaining And Stress-relieving Gadgets F",
    "variants": [
      {
        "id": "1992473230051815426::default",
        "title": "Standard"
      }
    ]
  },
  {
    "id": "1992483683275927554",
    "title": "Pet Colorful Teething Toy Balls, Teething And Cleaning Teeth, Durable Rubber Elastic Dog Toys, Energ",
    "variants": [
      {
        "id": "1992483683275927554::default",
        "title": "Standard"
      }
    ]
  },
  {
    "id": "1991786961910530050",
    "title": "Pet Stroller For Dogs And Cats - Foldable, Lightweight, And Durable - Ideal For Small To Medium Pets",
    "variants": [
      {
        "id": "1991786961910530050::default",
        "title": "Standard"
      }
    ]
  },
  {
    "id": "1991750114320744449",
    "title": "Cross-border Dog Bowl, Double-ear Handle Silicone Slow Food Bowl, Dog Pet Small Dog Slow Food Mat, A",
    "variants": [
      {
        "id": "1991750114320744449::default",
        "title": "Standard"
      }
    ]
  },
  {
    "id": "1991773771676569602",
    "title": "Pet Playpen, Small Animal Cage Indoor Portable Metal Wire Yard Fence For Small Animals, Guinea Pigs,",
    "variants": [
      {
        "id": "1991773771676569602::default",
        "title": "Standard"
      }
    ]
  },
  {
    "id": "1991244926845751298",
    "title": "2-in-1 Pet Bike Trailer for Small Dogs",
    "variants": [
      {
        "id": "1991244926845751298::default",
        "title": "Standard"
      }
    ]
  },
  {
    "id": "1991249014612287489",
    "title": "Pet Feeding Station Pet Dish Bowl Set with Storage",
    "variants": [
      {
        "id": "1991249014612287489::default",
        "title": "Standard"
      }
    ]
  },
  {
    "id": "1991248814751649793",
    "title": "Raised Pet Food Elevated Feeder with 2 Stainless Bowls",
    "variants": [
      {
        "id": "1991248814751649793::default",
        "title": "Standard"
      }
    ]
  },
  {
    "id": "1991061266784509954",
    "title": "Dog Chew Toy With Rubber Tire & Tug Of War Rope For Medium Large Dogs Aggressive Chewers, Interactiv",
    "variants": [
      {
        "id": "1991061266784509954::default",
        "title": "Standard"
      }
    ]
  },
  {
    "id": "1991089054435762178",
    "title": "Pet Stroller, 4 Wheels Dog Stroller Rotate With Brakes, 29.9 Kg Weight Capacity, Puppy Stroller With",
    "variants": [
      {
        "id": "1991089054435762178::default",
        "title": "Standard"
      }
    ]
  },
  {
    "id": "1991245205112655874",
    "title": "Foldable Pet Swimming Pool",
    "variants": [
      {
        "id": "1991245205112655874::default",
        "title": "Standard"
      }
    ]
  },
  {
    "id": "1991249103250513921",
    "title": "Pet Feeding Station",
    "variants": [
      {
        "id": "1991249103250513921::default",
        "title": "Standard"
      }
    ]
  },
  {
    "id": "1991247435350597634",
    "title": "Pet Sofa Dog Sofa for Small Dogs with Storage",
    "variants": [
      {
        "id": "1991247435350597634::default",
        "title": "Standard"
      }
    ]
  },
  {
    "id": "1991244853858525186",
    "title": "Pet Stroller Foldable Dog Cat Travel Carriage with Adjustable Handlebar PVC Wheel Brake Storage Bag ",
    "variants": [
      {
        "id": "1991244853858525186::default",
        "title": "Standard"
      }
    ]
  },
  {
    "id": "1991245633315397633",
    "title": "44'' Strong Pet Dog Crate Mobility Cage w/ Playpen & Removeable Tray",
    "variants": [
      {
        "id": "1991245633315397633::default",
        "title": "Standard"
      }
    ]
  },
  {
    "id": "1998322673329934337",
    "title": "Tiara-Shaped Convertible Dog Bed And Sofa - 22.8\"×18.8\"×15.7\" - 2-in-1 Luxurious Pet Bed With Plush ",
    "variants": [
      {
        "id": "1998322673329934337::default",
        "title": "Standard"
      }
    ]
  },
  {
    "id": "1998322616719413249",
    "title": "Large Dog Bed 67x43x8 Inches - Super Soft, Machine Washable & Portable With Handles, Non-Slip Bottom",
    "variants": [
      {
        "id": "1998322616719413249::default",
        "title": "Standard"
      }
    ]
  },
  {
    "id": "1996839415274844162",
    "title": "Dog Ramp",
    "variants": [
      {
        "id": "1996839415274844162::default",
        "title": "Standard"
      }
    ]
  },
  {
    "id": "1996846464031129601",
    "title": "The New Dual-Color Embossed Pet Leash Set Is A Pet Product That Combines Appearance, Fun And Practic",
    "variants": [
      {
        "id": "1996846464031129601::default",
        "title": "Standard"
      }
    ]
  },
  {
    "id": "1996830523526524930",
    "title": "UV Printing Camouflage Embossed Pet Leash Set Is A Perfect Combination Of Style And Functionality Sp",
    "variants": [
      {
        "id": "1996830523526524930::default",
        "title": "Standard"
      }
    ]
  },
  {
    "id": "1996836586367791105",
    "title": "2-in-1 Dog Crate End Table - Rustic Brown, 88lbs Capacity, Farmhouse Style, 32.5\"x18.5\"x23.5\"",
    "variants": [
      {
        "id": "1996836586367791105::default",
        "title": "Standard"
      }
    ]
  },
  {
    "id": "1996870075989405697",
    "title": "Honeycomb Embossed Dual-Color Pet Leash Set Is Stylish And Fashionable. The Embossed Surface Enhance",
    "variants": [
      {
        "id": "1996870075989405697::default",
        "title": "Standard"
      }
    ]
  },
  {
    "id": "1996493861430915074",
    "title": "Adjustable Bandana Leather Pet Collar Triangle Scarf",
    "variants": [
      {
        "id": "1996493861430915074::default",
        "title": "Standard"
      }
    ]
  },
  {
    "id": "1996128475470004225",
    "title": "Premium Plush Dog Bed With Removable Washable Cover - All-Season Anti-Slip Pet Mat For Dogs & Cats, ",
    "variants": [
      {
        "id": "1996128475470004225::default",
        "title": "Standard"
      }
    ]
  },
  {
    "id": "1995425463360872450",
    "title": "Dog Playpen Indoor Fence Height Metal Exercise Pen With Door Small Puppy Medium Large Dogs Animal Pe",
    "variants": [
      {
        "id": "1995425463360872450::default",
        "title": "Standard"
      }
    ]
  },
  {
    "id": "1994702521858703361",
    "title": "47.2 Mobile Dog Crate With Flip-Top Feeding Door, Dual-Access & 5 Caster System 2 Locking, Side Hook",
    "variants": [
      {
        "id": "1994702521858703361::default",
        "title": "Standard"
      }
    ]
  },
  {
    "id": "1993164615406215169",
    "title": "Interactive Dog Treat Ball, A Chewing Toy Suitable For Small And Medium-sized Dogs.",
    "variants": [
      {
        "id": "1993164615406215169::default",
        "title": "Standard"
      }
    ]
  },
  {
    "id": "1992943318395023361",
    "title": "Dog Ramp, Folding Pet Ramp For Bed, Adjustable Dog Ramp For Small, Large, Old Dogs & Cats, Wooden Pe",
    "variants": [
      {
        "id": "1992943318395023361::default",
        "title": "Standard"
      }
    ]
  },
  {
    "id": "1992942895668576257",
    "title": "Dog Dryer, 2800W/4.3HP Dog Blow Dryer, Pet Grooming Dryer With Adjustable Speed And Temperature Cont",
    "variants": [
      {
        "id": "1992942895668576257::default",
        "title": "Standard"
      }
    ]
  },
  {
    "id": "1992943707889639426",
    "title": "Dog Whelping Box With Window Transparent Playpen For Medium Dog 60x39x23 In",
    "variants": [
      {
        "id": "1992943707889639426::default",
        "title": "Standard"
      }
    ]
  },
  {
    "id": "1993013779396075521",
    "title": "Puppy Dog Whelping Pen Box Adjustable Door Height For Medium Dogs 73x38x19.7 In",
    "variants": [
      {
        "id": "1993013779396075521::default",
        "title": "Standard"
      }
    ]
  },
  {
    "id": "1992943361081131009",
    "title": "Dog Ramp, Folding Pet Ramp For Bed, Adjustable Dog Ramp For Small, Large, Old Dogs & Cats, Wooden Pe",
    "variants": [
      {
        "id": "1992943361081131009::default",
        "title": "Standard"
      }
    ]
  },
  {
    "id": "1992955763424149505",
    "title": "Elevated Dog Bed For Large Dogs Portable Raised Dog Cot With Teslin Mesh L",
    "variants": [
      {
        "id": "1992955763424149505::default",
        "title": "Standard"
      }
    ]
  },
  {
    "id": "1992943667305553921",
    "title": "Dog Whelping Box With Window Transparent Playpen For Large Dog 76x49x30 In",
    "variants": [
      {
        "id": "1992943667305553921::default",
        "title": "Standard"
      }
    ]
  },
  {
    "id": "1992943746850529281",
    "title": "Dog Whelping Box With Window Transparent Playpen For X-Large Dog 60x59x23 In",
    "variants": [
      {
        "id": "1992943746850529281::default",
        "title": "Standard"
      }
    ]
  },
  {
    "id": "1992955595612528642",
    "title": "Elevated Dog Bed For Large Dog Portable Raised Dog Cot With Metal Frame XL",
    "variants": [
      {
        "id": "1992955595612528642::default",
        "title": "Standard"
      }
    ]
  },
  {
    "id": "1992942857831084034",
    "title": "Dog Dryer, 2800W/4.3HP Dog Blow Dryer, Pet Grooming Dryer With Adjustable Speed And Temperature Cont",
    "variants": [
      {
        "id": "1992942857831084034::default",
        "title": "Standard"
      }
    ]
  },
  {
    "id": "1991492625343873025",
    "title": "Scooby-Doo Durable Squeaky Set Of Dog Balls For Teeth Cleaning Interactive",
    "variants": [
      {
        "id": "1991492625343873025::default",
        "title": "Standard"
      }
    ]
  },
  {
    "id": "1991407459189784578",
    "title": "Dog Car Seat, Dog Booster Seat For Car With A Storage Pocket, Clip-On Safety Leash, Sponge And PP Co",
    "variants": [
      {
        "id": "1991407459189784578::default",
        "title": "Standard"
      }
    ]
  },
  {
    "id": "1991247020261302274",
    "title": "Automatic Dog Ball Launcher with 26-79 FT Distance, Automatic Ball Launcher for Medium and Large Dog",
    "variants": [
      {
        "id": "1991247020261302274::default",
        "title": "Standard"
      }
    ]
  },
  {
    "id": "1990996021906956290",
    "title": "Stainless Steel Dog Washing Station, 127 Cm Pet Grooming Tub W/ Ramp, PE Water Filter Board, Faucet ",
    "variants": [
      {
        "id": "1990996021906956290::default",
        "title": "Standard"
      }
    ]
  },
  {
    "id": "1991180368349270017",
    "title": "Dog Bike Trailer",
    "variants": [
      {
        "id": "1991180368349270017::default",
        "title": "Standard"
      }
    ]
  },
  {
    "id": "1991247361706332161",
    "title": "Dog Sofa Couch Bed with Washable Cushion for Large Dogs",
    "variants": [
      {
        "id": "1991247361706332161::default",
        "title": "Standard"
      }
    ]
  },
  {
    "id": "1991245237379436545",
    "title": "Outdoor Dog Kennel Galvanized Fence with Cover Secure Lock Sidewalls for Backyard 9.8' x 9.8' x 7.7'",
    "variants": [
      {
        "id": "1991245237379436545::default",
        "title": "Standard"
      }
    ]
  },
  {
    "id": "1991248488560627714",
    "title": "6 Piece Dog Agility Set with Adjustable Height Jump Bars",
    "variants": [
      {
        "id": "1991248488560627714::default",
        "title": "Standard"
      }
    ]
  },
  {
    "id": "1991248375670935554",
    "title": "Dog Car Ramp, 75\" x 20\" Extra Long and Wide, Non-Slip Surface, Folding Portable Pet Ramp for Large, ",
    "variants": [
      {
        "id": "1991248375670935554::default",
        "title": "Standard"
      }
    ]
  },
  {
    "id": "1991245594123821058",
    "title": "Dog Kennel Heavy Duty Playpen with Galvanized Secure Lock Sidewalls and Waterproof Cover for Backyar",
    "variants": [
      {
        "id": "1991245594123821058::default",
        "title": "Standard"
      }
    ]
  },
  {
    "id": "1991245035423698945",
    "title": "2-in-1 Dog Bike Trailer Pet Stroller Carrier for Large Dogs with Hitch",
    "variants": [
      {
        "id": "1991245035423698945::default",
        "title": "Standard"
      }
    ]
  },
  {
    "id": "1991249060212760577",
    "title": "Dog Food Storage Cabinet with Bowls & Dog Feeding Station",
    "variants": [
      {
        "id": "1991249060212760577::default",
        "title": "Standard"
      }
    ]
  },
  {
    "id": "1991247777249288193",
    "title": "Elevated Dog Ramp for Bed",
    "variants": [
      {
        "id": "1991247777249288193::default",
        "title": "Standard"
      }
    ]
  },
  {
    "id": "1991245302634418177",
    "title": "Outdoor Dog Kennel with Roof",
    "variants": [
      {
        "id": "1991245302634418177::default",
        "title": "Standard"
      }
    ]
  },
  {
    "id": "1991248004710588418",
    "title": "Wooden Dog Ramp with Removable Guardrails, Non-Slip Surface, 70.5\" Long, Brown",
    "variants": [
      {
        "id": "1991248004710588418::default",
        "title": "Standard"
      }
    ]
  },
  {
    "id": "1991245895694278658",
    "title": "Dog Crate",
    "variants": [
      {
        "id": "1991245895694278658::default",
        "title": "Standard"
      }
    ]
  },
  {
    "id": "1991245703133782017",
    "title": "Outdoor Dog Kennel with Rotating Bowl Holders",
    "variants": [
      {
        "id": "1991245703133782017::default",
        "title": "Standard"
      }
    ]
  },
  {
    "id": "1991245470326886401",
    "title": "Dog House Outdoor with Canopy",
    "variants": [
      {
        "id": "1991245470326886401::default",
        "title": "Standard"
      }
    ]
  },
  {
    "id": "1991248973839458305",
    "title": "Large Elevated Dog Bowls with Storage Cabinet Containing Large 44L Capacity",
    "variants": [
      {
        "id": "1991248973839458305::default",
        "title": "Standard"
      }
    ]
  },
  {
    "id": "1991246085775941634",
    "title": "Dog House for Medium and Small Dogs",
    "variants": [
      {
        "id": "1991246085775941634::default",
        "title": "Standard"
      }
    ]
  },
  {
    "id": "1990986368192012289",
    "title": "Stainless Steel Dog Washing Station, 127 Cm Pet Grooming Tub W/ Ramp, Faucet & Showerhead & Leash Do",
    "variants": [
      {
        "id": "1990986368192012289::default",
        "title": "Standard"
      }
    ]
  },
  {
    "id": "1991247477595627521",
    "title": "Elevated Dog Bed with Removable Canopy",
    "variants": [
      {
        "id": "1991247477595627521::default",
        "title": "Standard"
      }
    ]
  },
  {
    "id": "1991180407968665602",
    "title": "Dog Bike Trailer 2-In-1 Pet Stroller with Canopy and Storage Pockets",
    "variants": [
      {
        "id": "1991180407968665602::default",
        "title": "Standard"
      }
    ]
  },
  {
    "id": "1991248909085741057",
    "title": "Elevated Dog Bowls with Storage",
    "variants": [
      {
        "id": "1991248909085741057::default",
        "title": "Standard"
      }
    ]
  },
  {
    "id": "1991245809144815618",
    "title": "34'' 2-in-1 Dog Kennel",
    "variants": [
      {
        "id": "1991245809144815618::default",
        "title": "Standard"
      }
    ]
  },
  {
    "id": "1991246649321250817",
    "title": "Outdoor Dog Kennel with Two-Room Design",
    "variants": [
      {
        "id": "1991246649321250817::default",
        "title": "Standard"
      }
    ]
  },
  {
    "id": "1991246557196881922",
    "title": "Outdoor Dog Bed with Canopy",
    "variants": [
      {
        "id": "1991246557196881922::default",
        "title": "Standard"
      }
    ]
  },
  {
    "id": "1991245737925533698",
    "title": "Dog Playpen with Door & Removable Cover for Small & Most Medium Sized Dogs Indoor & Outdoor Use",
    "variants": [
      {
        "id": "1991245737925533698::default",
        "title": "Standard"
      }
    ]
  },
  {
    "id": "1991246152146608129",
    "title": "Cabin-Style Dog House for Large Dogs with Openable Roof & Giant Window",
    "variants": [
      {
        "id": "1991246152146608129::default",
        "title": "Standard"
      }
    ]
  },
  {
    "id": "1991251206486396930",
    "title": "Dog Crate End Table",
    "variants": [
      {
        "id": "1991251206486396930::default",
        "title": "Standard"
      }
    ]
  },
  {
    "id": "1991244999902138370",
    "title": "Dog Stroller for Large Medium Small Dogs up to 66 Lbs. 23.5\" in Body Length",
    "variants": [
      {
        "id": "1991244999902138370::default",
        "title": "Standard"
      }
    ]
  },
  {
    "id": "1991245102712918018",
    "title": "Dog Bed",
    "variants": [
      {
        "id": "1991245102712918018::default",
        "title": "Standard"
      }
    ]
  },
  {
    "id": "1991247975203659778",
    "title": "Dog Ramp with Removable Guardrails",
    "variants": [
      {
        "id": "1991247975203659778::default",
        "title": "Standard"
      }
    ]
  },
  {
    "id": "1991247398553968642",
    "title": "Raised Dog Sofa",
    "variants": [
      {
        "id": "1991247398553968642::default",
        "title": "Standard"
      }
    ]
  },
  {
    "id": "1991245383584485378",
    "title": "Dog House Outdoor",
    "variants": [
      {
        "id": "1991245383584485378::default",
        "title": "Standard"
      }
    ]
  },
  {
    "id": "1991246685539065857",
    "title": "L Dog House Outdoor Indoor for Small",
    "variants": [
      {
        "id": "1991246685539065857::default",
        "title": "Standard"
      }
    ]
  },
  {
    "id": "1998279478282907650",
    "title": "Cat Toys - Interactive Toy For Cat , Kitten Toys, Lightweight Resin Duck Shape Fun Stick For Kitten ",
    "variants": [
      {
        "id": "1998279478282907650::default",
        "title": "Standard"
      }
    ]
  },
  {
    "id": "1996395851484209154",
    "title": "Interactive Rolling Cat Ball",
    "variants": [
      {
        "id": "1996395851484209154::default",
        "title": "Standard"
      }
    ]
  },
  {
    "id": "1996402356062965762",
    "title": "Interactive Rolling Cat Ball",
    "variants": [
      {
        "id": "1996402356062965762::default",
        "title": "Standard"
      }
    ]
  },
  {
    "id": "1996404100507553794",
    "title": "Interactive Rolling Cat Ball",
    "variants": [
      {
        "id": "1996404100507553794::default",
        "title": "Standard"
      }
    ]
  },
  {
    "id": "1996097390082297857",
    "title": "33in Cat Tree, Multi-level Cat Tower With Cat Scratching Post With Curved Perch, Cozy Cat Condo, Pad",
    "variants": [
      {
        "id": "1996097390082297857::default",
        "title": "Standard"
      }
    ]
  },
  {
    "id": "1996058560674942978",
    "title": "Multi-level Natural Pear Wood Cat Tree, Sisal Scratching Posts, Plush Balls, Long Plush Fabric",
    "variants": [
      {
        "id": "1996058560674942978::default",
        "title": "Standard"
      }
    ]
  },
  {
    "id": "1996066115422294017",
    "title": "33in Cat Tree, Multi-level Cat Tower With Cat Scratching Post With Curved Perch, Cozy Cat Condo, Pad",
    "variants": [
      {
        "id": "1996066115422294017::default",
        "title": "Standard"
      }
    ]
  },
  {
    "id": "1996062625648119810",
    "title": "27.5in Cat Tree, Multi-level Cat Tower With Cat Scratching Post And Pad, Cozy Cat Condo, Padded Top ",
    "variants": [
      {
        "id": "1996062625648119810::default",
        "title": "Standard"
      }
    ]
  },
  {
    "id": "1996092785891045377",
    "title": "27.5in Cat Tree, Multi-level Cat Tower With Cat Scratching Post And Pad, Cozy Cat Condo, Padded Top ",
    "variants": [
      {
        "id": "1996092785891045377::default",
        "title": "Standard"
      }
    ]
  },
  {
    "id": "1996088933869965313",
    "title": "33in Cat Tree, Multi-level Cat Tower With Cat Scratching Post With Curved Perch, Cozy Cat Condo, Pad",
    "variants": [
      {
        "id": "1996088933869965313::default",
        "title": "Standard"
      }
    ]
  },
  {
    "id": "1993889907646898178",
    "title": "Gardner Pets Large Cat Tree For Medium To Large Cats, Heavy-Duty Cat Tower With Scratch Post And Was",
    "variants": [
      {
        "id": "1993889907646898178::default",
        "title": "Standard"
      }
    ]
  },
  {
    "id": "1993528254033338369",
    "title": "71 Inch Flower Cat Tree With Large Condo Removable Flower Cushion And Hammock Yellow",
    "variants": [
      {
        "id": "1993528254033338369::default",
        "title": "Standard"
      }
    ]
  },
  {
    "id": "1993575125405704193",
    "title": "Modern Indoor Cat Tree Wooden Cat Tower Suitable For Cats, Includes Hammock, Scratching Post, And Re",
    "variants": [
      {
        "id": "1993575125405704193::default",
        "title": "Standard"
      }
    ]
  },
  {
    "id": "1993525212538753026",
    "title": "71 Inch Flower Cat Tree With Large Condo Removable Flower Cushion And Hammock Blue",
    "variants": [
      {
        "id": "1993525212538753026::default",
        "title": "Standard"
      }
    ]
  },
  {
    "id": "1993526282130132993",
    "title": "4.6 In Dark Gray Cat Tree Tower With Wide Base, 3 Large Hinding Condo, 11 Sisal Scratching Post, Sis",
    "variants": [
      {
        "id": "1993526282130132993::default",
        "title": "Standard"
      }
    ]
  },
  {
    "id": "1993555922728558593",
    "title": "Cat Tunnel With Cat Bed For Indoor, Soft Plush Peekaboo Cat Cave Donut Tunnel, For Cats Kittens, Rab",
    "variants": [
      {
        "id": "1993555922728558593::default",
        "title": "Standard"
      }
    ]
  },
  {
    "id": "1993529399758573569",
    "title": "84.6 In Light Gray Cat Tree Tower With Wide Base, 3 Large Hinding Condo, 11 Sisal Scratching Post, S",
    "variants": [
      {
        "id": "1993529399758573569::default",
        "title": "Standard"
      }
    ]
  },
  {
    "id": "1993527282507468801",
    "title": "71 Inch Flower Cat Tree With Large Condo Removable Flower Cushion And Hammock Pink",
    "variants": [
      {
        "id": "1993527282507468801::default",
        "title": "Standard"
      }
    ]
  },
  {
    "id": "1992920358406504450",
    "title": "Ceramic Cat Water Fountain 2.1L/71oz Cupcake Pet Fountain For Cats & Dogs",
    "variants": [
      {
        "id": "1992920358406504450::default",
        "title": "Standard"
      }
    ]
  },
  {
    "id": "1992920109439295490",
    "title": "Cat Exercise Wheel Large Cat Treadmill Wheel For Indoor Cats 29.5 Inch",
    "variants": [
      {
        "id": "1992920109439295490::default",
        "title": "Standard"
      }
    ]
  },
  {
    "id": "1992919985088282626",
    "title": "Cat Carrier With Wheels, Airline Approved Rolling Pet Carrier With Telescopic Handle And Shoulder St",
    "variants": [
      {
        "id": "1992919985088282626::default",
        "title": "Standard"
      }
    ]
  },
  {
    "id": "1992920159776849922",
    "title": "Cat Exercise Wheel Large Cat Treadmill Wheel For Indoor Cats 35.8 Inch",
    "variants": [
      {
        "id": "1992920159776849922::default",
        "title": "Standard"
      }
    ]
  },
  {
    "id": "1991779421485400065",
    "title": "Integrated Cat Archway, Aesthetically Pleasing, Stylish And Elegant Pet Playground, Combining Cat Cr",
    "variants": [
      {
        "id": "1991779421485400065::default",
        "title": "Standard"
      }
    ]
  },
  {
    "id": "1991795763679121410",
    "title": "Cat Tree Tower, 65-inch Large Cat Tree, With Hammocks And Scratch Columns, A Comfortable And Fun Cat",
    "variants": [
      {
        "id": "1991795763679121410::default",
        "title": "Standard"
      }
    ]
  },
  {
    "id": "1991249902657638402",
    "title": "Handwoven Elevated Cat Bed with Soft Cushion & Egg Chair Shape",
    "variants": [
      {
        "id": "1991249902657638402::default",
        "title": "Standard"
      }
    ]
  },
  {
    "id": "1991250489308602369",
    "title": "Cattail Weave Cat Tree for Indoor Cats Kitty Tower with Cat Condo",
    "variants": [
      {
        "id": "1991250489308602369::default",
        "title": "Standard"
      }
    ]
  },
  {
    "id": "1991251941870198785",
    "title": "Catio Playground Cat Window Box Outside Enclosure for Multiple Cats w/ Shelves & Bridges",
    "variants": [
      {
        "id": "1991251941870198785::default",
        "title": "Standard"
      }
    ]
  },
  {
    "id": "1991252077651726338",
    "title": "Catio Outdoor Cat Enclosure with Waterproof Cover",
    "variants": [
      {
        "id": "1991252077651726338::default",
        "title": "Standard"
      }
    ]
  },
  {
    "id": "1991251352687251457",
    "title": "Hooded Cat Litter Box w/ Litter Mat",
    "variants": [
      {
        "id": "1991251352687251457::default",
        "title": "Standard"
      }
    ]
  },
  {
    "id": "1991250380671934466",
    "title": "Cat Condo",
    "variants": [
      {
        "id": "1991250380671934466::default",
        "title": "Standard"
      }
    ]
  },
  {
    "id": "1991250761623789569",
    "title": "Cat Tree for Indoor Cats with Hammock",
    "variants": [
      {
        "id": "1991250761623789569::default",
        "title": "Standard"
      }
    ]
  },
  {
    "id": "1991250136800464897",
    "title": "2-story Cat House Outdoor",
    "variants": [
      {
        "id": "1991250136800464897::default",
        "title": "Standard"
      }
    ]
  },
  {
    "id": "1991251103571435522",
    "title": "Modern Cat Litter Box Enclosure with Adjustable Partition for Customizable Space, Cat Washroom End T",
    "variants": [
      {
        "id": "1991251103571435522::default",
        "title": "Standard"
      }
    ]
  },
  {
    "id": "1991250058522169345",
    "title": "Outdoor Cat House",
    "variants": [
      {
        "id": "1991250058522169345::default",
        "title": "Standard"
      }
    ]
  },
  {
    "id": "1991251034050846722",
    "title": "Cat Litter Box Toilet with Lid",
    "variants": [
      {
        "id": "1991251034050846722::default",
        "title": "Standard"
      }
    ]
  },
  {
    "id": "1991251169224200193",
    "title": "Cat Litter Box with Lid",
    "variants": [
      {
        "id": "1991251169224200193::default",
        "title": "Standard"
      }
    ]
  },
  {
    "id": "1991250453531189249",
    "title": "Cat House with Soft Cushion",
    "variants": [
      {
        "id": "1991250453531189249::default",
        "title": "Standard"
      }
    ]
  },
  {
    "id": "1991251742522642433",
    "title": "Outdoor Cat House",
    "variants": [
      {
        "id": "1991251742522642433::default",
        "title": "Standard"
      }
    ]
  },
  {
    "id": "1991250839688175618",
    "title": "Cat Bed with Washable Cushion for Cats",
    "variants": [
      {
        "id": "1991250839688175618::default",
        "title": "Standard"
      }
    ]
  },
  {
    "id": "1991251314561028097",
    "title": "Dome Covered Cat Litter Box with Lid",
    "variants": [
      {
        "id": "1991251314561028097::default",
        "title": "Standard"
      }
    ]
  },
  {
    "id": "1991251490172342274",
    "title": "Cat Litter Box Enclosure with Drawers",
    "variants": [
      {
        "id": "1991251490172342274::default",
        "title": "Standard"
      }
    ]
  },
  {
    "id": "1991250346089897985",
    "title": "Cat Tree",
    "variants": [
      {
        "id": "1991250346089897985::default",
        "title": "Standard"
      }
    ]
  },
  {
    "id": "1991251862223884289",
    "title": "Cat Tree House with Scratching Post and Wheels",
    "variants": [
      {
        "id": "1991251862223884289::default",
        "title": "Standard"
      }
    ]
  },
  {
    "id": "1991251536603287554",
    "title": "Covered Cat Litter Box with Lid",
    "variants": [
      {
        "id": "1991251536603287554::default",
        "title": "Standard"
      }
    ]
  },
  {
    "id": "1991251133513895937",
    "title": "Modern Cat Litter Box Enclosure with Adjustable Partition for Customizable Space",
    "variants": [
      {
        "id": "1991251133513895937::default",
        "title": "Standard"
      }
    ]
  },
  {
    "id": "1991251439602294785",
    "title": "Cat Litter Box with Scoop",
    "variants": [
      {
        "id": "1991251439602294785::default",
        "title": "Standard"
      }
    ]
  },
  {
    "id": "1991250879601172481",
    "title": "1 Cat Tree Tower 3-Step Pet Stairs with Scratching Posts",
    "variants": [
      {
        "id": "1991250879601172481::default",
        "title": "Standard"
      }
    ]
  },
  {
    "id": "1991251901889417218",
    "title": "Large Outdoor Cat House for 3 Kitties",
    "variants": [
      {
        "id": "1991251901889417218::default",
        "title": "Standard"
      }
    ]
  },
  {
    "id": "1991252195956264961",
    "title": "Cat House",
    "variants": [
      {
        "id": "1991252195956264961::default",
        "title": "Standard"
      }
    ]
  },
  {
    "id": "1991251570090610689",
    "title": "Cat Litter Box Enclosure End Side Table with Scratching Pad",
    "variants": [
      {
        "id": "1991251570090610689::default",
        "title": "Standard"
      }
    ]
  },
  {
    "id": "1991250658972393474",
    "title": "Cat Shelves for Indoor Cats",
    "variants": [
      {
        "id": "1991250658972393474::default",
        "title": "Standard"
      }
    ]
  },
  {
    "id": "1991250283638853633",
    "title": "Floor-to-Ceiling Cat Tree Cat Climbing Tower with Sisal-Covered Scratching Posts Natural Cat Tree Ac",
    "variants": [
      {
        "id": "1991250283638853633::default",
        "title": "Standard"
      }
    ]
  },
  {
    "id": "1991250918279667713",
    "title": "31\" Cat Tree Tower with Scratching Posts",
    "variants": [
      {
        "id": "1991250918279667713::default",
        "title": "Standard"
      }
    ]
  },
  {
    "id": "1991251276577411074",
    "title": "Fully Enclosed Cat Litter Box with Front Entry and Top Exit",
    "variants": [
      {
        "id": "1991251276577411074::default",
        "title": "Standard"
      }
    ]
  },
  {
    "id": "1991251241798242306",
    "title": "Cat Litter Box Enclosure Side Table",
    "variants": [
      {
        "id": "1991251241798242306::default",
        "title": "Standard"
      }
    ]
  },
  {
    "id": "1991252313983979522",
    "title": "Cat Run with Weather Protection",
    "variants": [
      {
        "id": "1991252313983979522::default",
        "title": "Standard"
      }
    ]
  },
  {
    "id": "1991251388897353730",
    "title": "Hooded Cat Litter Box",
    "variants": [
      {
        "id": "1991251388897353730::default",
        "title": "Standard"
      }
    ]
  },
  {
    "id": "1991251071602450434",
    "title": "Cat Litter Box Enclosure",
    "variants": [
      {
        "id": "1991251071602450434::default",
        "title": "Standard"
      }
    ]
  },
  {
    "id": "1991250315872079874",
    "title": "Cat Shelf for Wall",
    "variants": [
      {
        "id": "1991250315872079874::default",
        "title": "Standard"
      }
    ]
  },
  {
    "id": "1991250975926181890",
    "title": "69\" Cat Tree",
    "variants": [
      {
        "id": "1991250975926181890::default",
        "title": "Standard"
      }
    ]
  },
  {
    "id": "1991247702989135873",
    "title": "4 Levels Cat Steps with Scratching Posts for High Bed",
    "variants": [
      {
        "id": "1991247702989135873::default",
        "title": "Standard"
      }
    ]
  },
  {
    "id": "1991251822818398210",
    "title": "H Cat House Kitten Enclosure Playpen Frame with 3 Platforms",
    "variants": [
      {
        "id": "1991251822818398210::default",
        "title": "Standard"
      }
    ]
  },
  {
    "id": "1991250728891441153",
    "title": "Cat Tree for Indoor Cats w/ Scratching Posts",
    "variants": [
      {
        "id": "1991250728891441153::default",
        "title": "Standard"
      }
    ]
  },
  {
    "id": "1991252031192096769",
    "title": "Catio, Outdoor Cat Enclosure House on Wheels with Hammock,",
    "variants": [
      {
        "id": "1991252031192096769::default",
        "title": "Standard"
      }
    ]
  },
  {
    "id": "1991252121159241730",
    "title": "Catio Cat Window Box Outside Enclosure with Bridge Platforms",
    "variants": [
      {
        "id": "1991252121159241730::default",
        "title": "Standard"
      }
    ]
  },
  {
    "id": "1991250243151237121",
    "title": "20.5\" Weaved Cat Bed",
    "variants": [
      {
        "id": "1991250243151237121::default",
        "title": "Standard"
      }
    ]
  },
  {
    "id": "1991252164423487489",
    "title": "Catio Outdoor Cat Enclosure",
    "variants": [
      {
        "id": "1991252164423487489::default",
        "title": "Standard"
      }
    ]
  },
  {
    "id": "1991249937998843906",
    "title": "Heated Cat Houses for Outdoor and Indoor",
    "variants": [
      {
        "id": "1991249937998843906::default",
        "title": "Standard"
      }
    ]
  },
  {
    "id": "1991251642287165442",
    "title": "Cat Litter Box Enclosure with Barn Door",
    "variants": [
      {
        "id": "1991251642287165442::default",
        "title": "Standard"
      }
    ]
  },
  {
    "id": "1991250561748426754",
    "title": "Outdoor Cat House",
    "variants": [
      {
        "id": "1991250561748426754::default",
        "title": "Standard"
      }
    ]
  },
  {
    "id": "1991247667564044289",
    "title": "Cat Tree",
    "variants": [
      {
        "id": "1991247667564044289::default",
        "title": "Standard"
      }
    ]
  },
  {
    "id": "1990691629160779777",
    "title": "Cat Tree with Scratching Post 49 cm Seagrass",
    "variants": [
      {
        "id": "1990691629160779777::default",
        "title": "Standard"
      }
    ]
  },
  {
    "id": "1990702967379513345",
    "title": "Cat Litter with Baby Powder Scent Bentonite 20L",
    "variants": [
      {
        "id": "1990702967379513345::default",
        "title": "Standard"
      }
    ]
  },
  {
    "id": "1990691674766823426",
    "title": "Cat Tree with Luxurious Cushion 148 cm Seagrass",
    "variants": [
      {
        "id": "1990691674766823426::default",
        "title": "Standard"
      }
    ]
  },
  {
    "id": "1990621631432286209",
    "title": "Wall Mounted Cat Shelves, Cat Wall Shelves And Perches With Jumping Boards, Cat Beds, Hammocks & Cat",
    "variants": [
      {
        "id": "1990621631432286209::default",
        "title": "Standard"
      }
    ]
  },
  {
    "id": "1990691662108413953",
    "title": "Cat Basket Round 36 cm Seagrass",
    "variants": [
      {
        "id": "1990691662108413953::default",
        "title": "Standard"
      }
    ]
  },
  {
    "id": "1990604523990343681",
    "title": "3-Tier Cat Cage Enclosure Indoor Cat Cage Playpen With Hammock Toy Ball Ladder DIY Iron Wire Cat Hou",
    "variants": [
      {
        "id": "1990604523990343681::default",
        "title": "Standard"
      }
    ]
  },
  {
    "id": "1990691561905115137",
    "title": "Cat Scratching Post with Sisal Scratching Bar 50 cm Beige and Brown",
    "variants": [
      {
        "id": "1990691561905115137::default",
        "title": "Standard"
      }
    ]
  },
  {
    "id": "1990691590074060802",
    "title": "Cat Basket Seagrass",
    "variants": [
      {
        "id": "1990691590074060802::default",
        "title": "Standard"
      }
    ]
  },
  {
    "id": "1990691621283876865",
    "title": "Cat House with Luxurious Cat Bed 33 cm Seagrass",
    "variants": [
      {
        "id": "1990691621283876865::default",
        "title": "Standard"
      }
    ]
  },
  {
    "id": "1990691641781440513",
    "title": "Cat Tree with Wooden Legs 41 cm Seagrass",
    "variants": [
      {
        "id": "1990691641781440513::default",
        "title": "Standard"
      }
    ]
  },
  {
    "id": "1990691685007937537",
    "title": "Cat Scratching Post 123 cm Seagrass",
    "variants": [
      {
        "id": "1990691685007937537::default",
        "title": "Standard"
      }
    ]
  },
  {
    "id": "1990441216217755650",
    "title": "Foldable Puppy Playpen with Carrying Bag 125x Foldable",
    "variants": [
      {
        "id": "1990441216217755650::default",
        "title": "Standard"
      }
    ]
  },
  {
    "id": "1988495891753312257",
    "title": "Dog Playpen Indoor Fence Height Metal Exercise Pen With Door Small Puppy-Medium-Large Dogs Animal Pe",
    "variants": [
      {
        "id": "1988495891753312257::default",
        "title": "Standard"
      }
    ]
  },
  {
    "id": "1982440547655647234",
    "title": "Comfortable Cotton Dog Bag Pet Out Crossbody Shoulder Bag Outdoor Travel Portable Cat Puppy Sling Ba",
    "variants": [
      {
        "id": "1982440547655647234::default",
        "title": "Standard"
      }
    ]
  },
  {
    "id": "1979841815190630402",
    "title": "Soft Warm Fleece Puppy Cat Bed Dog Cozy Nest Sofa Bed Cushion Mat XXL Size",
    "variants": [
      {
        "id": "1979841815190630402::default",
        "title": "Standard"
      }
    ]
  },
  {
    "id": "1978696056806240257",
    "title": "Soft And Warm Wool Dog Cat Bed",
    "variants": [
      {
        "id": "1978696056806240257::default",
        "title": "Standard"
      }
    ]
  },
  {
    "id": "1971137381161009154",
    "title": "12 Colors Whelping Puppy ID Collars Adjustable Double-Sided Pet ID Bands",
    "variants": [
      {
        "id": "1971137381161009154::default",
        "title": "Standard"
      }
    ]
  },
  {
    "id": "1965667532353343490",
    "title": "Dog Potty Training Artificial Grass Pad Pet Cat Toilet Trainer Mat Puppy Loo Tray Turf For Small Med",
    "variants": [
      {
        "id": "1965667532353343490::default",
        "title": "Standard"
      }
    ]
  },
  {
    "id": "1961278668578516994",
    "title": "Small Animal Playpen With Door Dog Metal Playpen Small Medium Kitten Puppy Guinea Pig Rabbit Kennel ",
    "variants": [
      {
        "id": "1961278668578516994::default",
        "title": "Standard"
      }
    ]
  },
  {
    "id": "1960994080710246402",
    "title": "PETMARVEL Disposable Charcoal Puppy Pads Odor Control 24x24 Inches",
    "variants": [
      {
        "id": "1960994080710246402::default",
        "title": "Standard"
      }
    ]
  },
  {
    "id": "1959791128691654658",
    "title": "Per Set Dog Training Pads Puppy Pee Pads Cat Wee Mats Potty-Train 24in X 18in M",
    "variants": [
      {
        "id": "1959791128691654658::default",
        "title": "Standard"
      }
    ]
  },
  {
    "id": "1879346288407760898",
    "title": "Pet Canned Spoon Jar Opener Puppy FeedingMixing Wet Dry Cat Dog Accessories FeederShovel Tableware M",
    "variants": [
      {
        "id": "1879346288407760898::default",
        "title": "Standard"
      }
    ]
  },
  {
    "id": "1879013812738883586",
    "title": "PROKEl Soft Rubber Toy Puppy Slow Feeder PadPeanutButter Treat Dispenser Training Aid DogCrateTraini",
    "variants": [
      {
        "id": "1879013812738883586::default",
        "title": "Standard"
      }
    ]
  },
  {
    "id": "1872179551709622274",
    "title": "Puppy Pads, Leak-proof Quick-drying Disposable Dog Pads, Absorbent Dog Pee Pads",
    "variants": [
      {
        "id": "1872179551709622274::default",
        "title": "Standard"
      }
    ]
  },
  {
    "id": "1856263027474452480",
    "title": "Dog Egg Crates For Mothers, Newborn Puppy Supplies And Essentials Built Comfortably",
    "variants": [
      {
        "id": "1856263027474452480::default",
        "title": "Standard"
      }
    ]
  },
  {
    "id": "1855894482974560256",
    "title": "Small Kennel End Table With Two Open Sides And Lockable Door",
    "variants": [
      {
        "id": "1855894482974560256::default",
        "title": "Standard"
      }
    ]
  },
  {
    "id": "2410110334111614200",
    "title": "Applicable Dog Collar Name",
    "variants": [
      {
        "id": "2410110334111614200::default",
        "title": "Standard"
      }
    ]
  },
  {
    "id": "1807710310313644032",
    "title": "Pink Cat Houses - Soft Bed Tent Cave For Indoor Cats With Removable Cushion Pad",
    "variants": [
      {
        "id": "1807710310313644032::default",
        "title": "Standard"
      }
    ]
  },
  {
    "id": "1806928748680728576",
    "title": "Dog Flying Disc Dog Flying Disc Durable And Interactive Flying Disc For Medium And Large Dogs Perfec",
    "variants": [
      {
        "id": "1806928748680728576::default",
        "title": "Standard"
      }
    ]
  },
  {
    "id": "1806943319785099264",
    "title": "Ravel Puppy Water Bowl Dog Water Bottle With Food Container Portable Pet Dispenser Dog Stuff Accesso",
    "variants": [
      {
        "id": "1806943319785099264::default",
        "title": "Standard"
      }
    ]
  },
  {
    "id": "1805551425163251712",
    "title": "Sugar Squeaky Dog Toys Aggressive Chew Large Medium Dogs Unbreakable Tough",
    "variants": [
      {
        "id": "1805551425163251712::default",
        "title": "Standard"
      }
    ]
  },
  {
    "id": "1803614417658466304",
    "title": "Puppy Toothbrush Clean Teeth Interactive Corn Toys Dog Toys Aggressive Chewers Dog Chew Toys",
    "variants": [
      {
        "id": "1803614417658466304::default",
        "title": "Standard"
      }
    ]
  },
  {
    "id": "1721808426021834752",
    "title": "Silicone Lick Mat For Pet Dogs Slow Food Plate Rice Bowl For Small Medium Dog Anti Gulping Choking F",
    "variants": [
      {
        "id": "1721808426021834752::default",
        "title": "Standard"
      }
    ]
  },
  {
    "id": "1700376284947697664",
    "title": "Pet Puppy Carrier Bag Cats Outdoor Travel Dog Subway Bus Shoulder Crossbody Bag Cotton Comfort Singl",
    "variants": [
      {
        "id": "1700376284947697664::default",
        "title": "Standard"
      }
    ]
  },
  {
    "id": "1668120524876566528",
    "title": "Multifunction Pet Canned Spoon Jar Opener Puppy Feeding Mixing Wet Dry Scoop Cat Dog Accessories Fee",
    "variants": [
      {
        "id": "1668120524876566528::default",
        "title": "Standard"
      }
    ]
  },
  {
    "id": "1657574694545412096",
    "title": "Dog Tooth Cleaning Brush Care Finger Wrap Cat Dog Oral Cleaning Toothbrush Tool Silicone Dog Cat Fin",
    "variants": [
      {
        "id": "1657574694545412096::default",
        "title": "Standard"
      }
    ]
  },
  {
    "id": "1632028985222123520",
    "title": "Funny Pet Dog Squeaky Toys For Small Middle Dogs Bite Resistant Puppy Cat Dogs Toys Pets Rubber Pean",
    "variants": [
      {
        "id": "1632028985222123520::default",
        "title": "Standard"
      }
    ]
  },
  {
    "id": "1588826407327772672",
    "title": "Small Dog Leather Chest Strap",
    "variants": [
      {
        "id": "1588826407327772672::default",
        "title": "Standard"
      }
    ]
  },
  {
    "id": "1561725514673967104",
    "title": "Pets Dog Cat Baby Safety Gate Mesh Fence Magic Portable Guard Net Stairs Doors",
    "variants": [
      {
        "id": "1561725514673967104::default",
        "title": "Standard"
      }
    ]
  },
  {
    "id": "1517341274318721024",
    "title": "Snuffle Dog Mat Foraging Bowls Interactive Puppy Toys Plush Chew Toys For Dogs Slow Feeder Game For ",
    "variants": [
      {
        "id": "1517341274318721024::default",
        "title": "Standard"
      }
    ]
  },
  {
    "id": "DEE56FA4-F797-43E3-9BD8-0BC8EE993892",
    "title": "Dog Toy Play Funny Pet Puppy Chew Squeaker Squeaky Plush Sound Toys Clean Teeth",
    "variants": [
      {
        "id": "DEE56FA4-F797-43E3-9BD8-0BC8EE993892::default",
        "title": "Standard"
      }
    ]
  },
  {
    "id": "50434994-F7B3-4DAD-AE52-835EED9C3CC2",
    "title": "Dog Raincoat,Waterproof Dog Rain Jacket With Safety Reflective Stripe,Hooded Slicker Dachshund Doggy",
    "variants": [
      {
        "id": "50434994-F7B3-4DAD-AE52-835EED9C3CC2::default",
        "title": "Standard"
      }
    ]
  },
  {
    "id": "1967849097931362306",
    "title": "PawHut Cat House Bed Kitten Cave Cube Indoor For Small Pet With Removable Sisal Scratching Pads Soft",
    "variants": [
      {
        "id": "1967849097931362306::default",
        "title": "Standard"
      }
    ]
  },
  {
    "id": "1946473004012797954",
    "title": "3 Tier Cat Playpen Cage Metal Indoor Cat House Detachable Kitten House With 3 Doors 2 Ladders Large ",
    "variants": [
      {
        "id": "1946473004012797954::default",
        "title": "Standard"
      }
    ]
  },
  {
    "id": "1892139061461774338",
    "title": "Outdoor Cat House Cat Enclosures 110 Large Kitten Playpen With Platforms,Upgrade Waterproof Cover-gr",
    "variants": [
      {
        "id": "1892139061461774338::default",
        "title": "Standard"
      }
    ]
  },
  {
    "id": "1855860959337140224",
    "title": "Wooden Outdoor Cat House, Wild Cat Shelter Kitten Tree",
    "variants": [
      {
        "id": "1855860959337140224::default",
        "title": "Standard"
      }
    ]
  },
  {
    "id": "1851542684281229312",
    "title": "Interactive Ball Smart Cat Toys, Plush Electric Catnip Training Toy, Kitten Touch Sounding Pet Produ",
    "variants": [
      {
        "id": "1851542684281229312::default",
        "title": "Standard"
      }
    ]
  },
  {
    "id": "1851510171403964416",
    "title": "Outdoor Cat House Cat Enclosure",
    "variants": [
      {
        "id": "1851510171403964416::default",
        "title": "Standard"
      }
    ]
  },
  {
    "id": "1806253910924349440",
    "title": "Cat Recovery Cone Collar Pet E-Collar Elizabethan Collar After Surgery Recovery Pet Cone For Cat Pup",
    "variants": [
      {
        "id": "1806253910924349440::default",
        "title": "Standard"
      }
    ]
  },
  {
    "id": "1805807592162611200",
    "title": "Catnip Toys Balls That Stick On Wall Pet Massage Brush Cat Toy Ball Catnip Wall Balls For Cats Lick ",
    "variants": [
      {
        "id": "1805807592162611200::default",
        "title": "Standard"
      }
    ]
  },
  {
    "id": "1805796399821770752",
    "title": "Catnip Feeder Cat Toy Cat Indoor Cat Self Groomer Cat Face Scraper Corner Massage Comb Scraper Self ",
    "variants": [
      {
        "id": "1805796399821770752::default",
        "title": "Standard"
      }
    ]
  },
  {
    "id": "1786274371230126080",
    "title": "Adjustable Pet Cat Leash Set, Angel Wings Design, Breathable, And Soft For Comfort Cat Harness And L",
    "variants": [
      {
        "id": "1786274371230126080::default",
        "title": "Standard"
      }
    ]
  },
  {
    "id": "1784445710201933824",
    "title": "Cat Harness Leash Set With Cute Bee Plaid Cats Escape Proof - Adjustable Kitten Harness For Large Sm",
    "variants": [
      {
        "id": "1784445710201933824::default",
        "title": "Standard"
      }
    ]
  },
  {
    "id": "1750132340162449408",
    "title": "Cat Toy Balls, Interactive Pet Play Balls Sisal Rope Scratching Chew Ball Toy With Rustling Sound Pe",
    "variants": [
      {
        "id": "1750132340162449408::default",
        "title": "Standard"
      }
    ]
  },
  {
    "id": "1573847847211520000",
    "title": "Kitty Cat Litter Mat Trapping Honeycomb Double Layer Design Waterproof Double Layer EVA Cat Litter P",
    "variants": [
      {
        "id": "1573847847211520000::default",
        "title": "Standard"
      }
    ]
  }
]