{
  "1998573249922953217": {
    "petType": "dog"
  },
  "1996064726721794050": {
    "petType": "dog"
  },
  "1996111912750710786": {
    "petType": "dog"
  },
  "1996100265990180865": {
    "petType": "dog"
  },
  "1993916062320009218": {
    "petType": "dog"
  },
  "1993885211980353537": {
    "petType": "dog"
  },
  "1993882260050169858": {
    "petType": "dog"
  },
  "1993155042347737090": {
    "petType": "dog"
  },
  "1993006928471289857": {
    "petType": "dog"
  },
  "1993039311227625473": {
    "petType": "dog"
  },
  "1993007032305479682": {
    "petType": "dog"
  },
  "1993006996016361474": {
    "petType": "dog"
  },
  "1992955820617003009": {
    "petType": "dog"
  },
  "1993007067604742145": {
    "petType": "dog"
  },
  "1993006962566787073": {
    "petType": "dog"
  },
  "1992488017443860482": {
    "petType": "dog"
  },
  "1992473230051815426": {
    "petType": "dog"
  },
  "1992483683275927554": {
    "petType": "dog"
  },
  "1991786961910530050": {
    "petType": "dog"
  },
  "1991750114320744449": {
    "petType": "dog"
  },
  "1991773771676569602": {
    "petType": "small",
    "subType": "guinea_pig"
  },
  "1991244926845751298": {
    "petType": "dog"
  },
  "1991249014612287489": {
    "petType": "dog"
  },
  "1991248814751649793": {
    "petType": "dog"
  },
  "1991061266784509954": {
    "petType": "dog"
  },
  "1991089054435762178": {
    "petType": "dog"
  },
  "1991245205112655874": {
    "petType": "dog"
  },
  "1991245165589729282": {
    "petType": "dog"
  },
  "1991249103250513921": {
    "petType": "dog"
  },
  "1991247152274202625": {
    "petType": "dog"
  },
  "1991247435350597634": {
    "petType": "dog"
  },
  "1991244853858525186": {
    "petType": "dog"
  },
  "1991245633315397633": {
    "petType": "small",
    "subType": "other"
  },
  "1998322673329934337": {
    "petType": "dog"
  },
  "1998322616719413249": {
    "petType": "dog"
  },
  "1996839415274844162": {
    "petType": "dog"
  },
  "1996846464031129601": {
    "petType": "dog"
  },
  "1996830523526524930": {
    "petType": "dog"
  },
  "1996836586367791105": {
    "petType": "small",
    "subType": "other"
  },
  "1996870075989405697": {
    "petType": "dog"
  },
  "1996493861430915074": {
    "petType": "dog"
  },
  "1996128475470004225": {
    "petType": "dog"
  },
  "1995425463360872450": {
    "petType": "dog"
  },
  "1994702401923076097": {
    "petType": "small",
    "subType": "other"
  },
  "1994702521858703361": {
    "petType": "small",
    "subType": "other"
  },
  "1993164615406215169": {
    "petType": "dog"
  },
  "1992943318395023361": {
    "petType": "dog"
  },
  "1992942895668576257": {
    "petType": "small",
    "subType": "other"
  },
  "1992943707889639426": {
    "petType": "dog"
  },
  "1993013779396075521": {
    "petType": "dog"
  },
  "1992943361081131009": {
    "petType": "dog"
  },
  "1992955763424149505": {
    "petType": "dog"
  },
  "1992943667305553921": {
    "petType": "dog"
  },
  "1992943746850529281": {
    "petType": "dog"
  },
  "1992955595612528642": {
    "petType": "dog"
  },
  "1992943512481210370": {
    "petType": "dog"
  },
  "1992942857831084034": {
    "petType": "small",
    "subType": "other"
  },
  "1991492625343873025": {
    "petType": "dog"
  },
  "1991407459189784578": {
    "petType": "dog"
  },
  "1991247020261302274": {
    "petType": "dog"
  },
  "1990996021906956290": {
    "petType": "dog"
  },
  "1991180368349270017": {
    "petType": "dog"
  },
  "1991247361706332161": {
    "petType": "dog"
  },
  "1991245237379436545": {
    "petType": "dog"
  },
  "1991245494926479361": {
    "petType": "small",
    "subType": "other"
  },
  "1991248488560627714": {
    "petType": "dog"
  },
  "1991248375670935554": {
    "petType": "dog"
  },
  "1991245594123821058": {
    "petType": "dog"
  },
  "1991245035423698945": {
    "petType": "dog"
  },
  "1991249060212760577": {
    "petType": "dog"
  },
  "1991245931987591170": {
    "petType": "small",
    "subType": "other"
  },
  "1991246327395160066": {
    "petType": "dog"
  },
  "1991247777249288193": {
    "petType": "dog"
  },
  "1991245302634418177": {
    "petType": "dog"
  },
  "1991248004710588418": {
    "petType": "dog"
  },
  "1991245843739435009": {
    "petType": "small",
    "subType": "other"
  },
  "1991245895694278658": {
    "petType": "small",
    "subType": "other"
  },
  "1991245703133782017": {
    "petType": "dog"
  },
  "1991245470326886401": {
    "petType": "dog"
  },
  "1991248973839458305": {
    "petType": "dog"
  },
  "1991246085775941634": {
    "petType": "dog"
  },
  "1990986368192012289": {
    "petType": "dog"
  },
  "1991247477595627521": {
    "petType": "dog"
  },
  "1991180407968665602": {
    "petType": "dog"
  },
  "1991248909085741057": {
    "petType": "dog"
  },
  "1991245809144815618": {
    "petType": "dog"
  },
  "1991246649321250817": {
    "petType": "dog"
  },
  "1991246557196881922": {
    "petType": "dog"
  },
  "1991245737925533698": {
    "petType": "dog"
  },
  "1991246152146608129": {
    "petType": "dog"
  },
  "1991247114789707777": {
    "petType": "dog"
  },
  "1991248338144497666": {
    "petType": "dog"
  },
  "1991251206486396930": {
    "petType": "small",
    "subType": "other"
  },
  "1991244999902138370": {
    "petType": "dog"
  },
  "1991245102712918018": {
    "petType": "dog"
  },
  "1991248407476342785": {
    "petType": "dog"
  },
  "1991247975203659778": {
    "petType": "dog"
  },
  "1991247398553968642": {
    "petType": "dog"
  },
  "1991246873766846465": {
    "petType": "small",
    "subType": "other"
  },
  "1991245383584485378": {
    "petType": "dog"
  },
  "1991248684388487169": {
    "petType": "dog"
  },
  "1991246597462876162": {
    "petType": "small",
    "subType": "other"
  },
  "1991246685539065857": {
    "petType": "dog"
  },
  "1991246050971607041": {
    "petType": "small",
    "subType": "other"
  },
  "1998279478282907650": {
    "petType": "dog"
  },
  "1996395851484209154": {
    "petType": "dog"
  },
  "1996402356062965762": {
    "petType": "dog"
  },
  "1996404100507553794": {
    "petType": "dog"
  },
  "1996097390082297857": {
    "petType": "small",
    "subType": "other"
  },
  "1996058560674942978": {
    "petType": "small",
    "subType": "other"
  },
  "1996066115422294017": {
    "petType": "small",
    "subType": "other"
  },
  "1996062625648119810": {
    "petType": "small",
    "subType": "other"
  },
  "1996092785891045377": {
    "petType": "small",
    "subType": "other"
  },
  "1996088933869965313": {
    "petType": "small",
    "subType": "other"
  },
  "1993889907646898178": {
    "petType": "small",
    "subType": "other"
  },
  "1993528254033338369": {
    "petType": "dog"
  },
  "1993575125405704193": {
    "petType": "small",
    "subType": "other"
  },
  "1993525212538753026": {
    "petType": "dog"
  },
  "1993526282130132993": {
    "petType": "small",
    "subType": "other"
  },
  "1993555922728558593": {
    "petType": "dog"
  },
  "1993529399758573569": {
    "petType": "small",
    "subType": "other"
  },
  "1993527282507468801": {
    "petType": "dog"
  },
  "1992920358406504450": {
    "petType": "dog"
  },
  "1992920109439295490": {
    "petType": "dog"
  },
  "1992919985088282626": {
    "petType": "dog"
  },
  "1992920203261681665": {
    "petType": "dog"
  },
  "1992920159776849922": {
    "petType": "dog"
  },
  "1993036220667305985": {
    "petType": "dog"
  },
  "1991779421485400065": {
    "petType": "small",
    "subType": "other"
  },
  "1991795763679121410": {
    "petType": "small",
    "subType": "other"
  },
  "1991251003025580033": {
    "petType": "dog"
  },
  "1991249902657638402": {
    "petType": "dog"
  },
  "1991250489308602369": {
    "petType": "dog"
  },
  "1991251941870198785": {
    "petType": "dog"
  },
  "1991252077651726338": {
    "petType": "dog"
  },
  "1991251352687251457": {
    "petType": "dog"
  },
  "1991250380671934466": {
    "petType": "dog"
  },
  "1991250761623789569": {
    "petType": "dog"
  },
  "1991250136800464897": {
    "petType": "dog"
  },
  "1991251103571435522": {
    "petType": "dog"
  },
  "1991250058522169345": {
    "petType": "dog"
  },
  "1991251034050846722": {
    "petType": "dog"
  },
  "1991251169224200193": {
    "petType": "dog"
  },
  "1991250453531189249": {
    "petType": "dog"
  },
  "1991251742522642433": {
    "petType": "dog"
  },
  "1991250839688175618": {
    "petType": "dog"
  },
  "1991251314561028097": {
    "petType": "dog"
  },
  "1991251490172342274": {
    "petType": "dog"
  },
  "1991250346089897985": {
    "petType": "dog"
  },
  "1991251862223884289": {
    "petType": "small",
    "subType": "other"
  },
  "1991251536603287554": {
    "petType": "dog"
  },
  "1991251133513895937": {
    "petType": "dog"
  },
  "1991251439602294785": {
    "petType": "dog"
  },
  "1991250879601172481": {
    "petType": "small",
    "subType": "other"
  },
  "1991251901889417218": {
    "petType": "dog"
  },
  "1991252195956264961": {
    "petType": "dog"
  },
  "1991251570090610689": {
    "petType": "small",
    "subType": "other"
  },
  "1991250658972393474": {
    "petType": "dog"
  },
  "1991250283638853633": {
    "petType": "small",
    "subType": "other"
  },
  "1991250918279667713": {
    "petType": "small",
    "subType": "other"
  },
  "1991251276577411074": {
    "petType": "dog"
  },
  "1991251241798242306": {
    "petType": "dog"
  },
  "1991252313983979522": {
    "petType": "dog"
  },
  "1991251388897353730": {
    "petType": "dog"
  },
  "1991251071602450434": {
    "petType": "dog"
  },
  "1991250315872079874": {
    "petType": "dog"
  },
  "1991250975926181890": {
    "petType": "dog"
  },
  "1991247702989135873": {
    "petType": "small",
    "subType": "other"
  },
  "1991251822818398210": {
    "petType": "dog"
  },
  "1991250728891441153": {
    "petType": "small",
    "subType": "other"
  },
  "1991252031192096769": {
    "petType": "dog"
  },
  "1991252121159241730": {
    "petType": "dog"
  },
  "1991250243151237121": {
    "petType": "dog"
  },
  "1991252164423487489": {
    "petType": "dog"
  },
  "1991249937998843906": {
    "petType": "dog"
  },
  "1991251642287165442": {
    "petType": "dog"
  },
  "1991250561748426754": {
    "petType": "dog"
  },
  "1991247667564044289": {
    "petType": "dog"
  },
  "1990691629160779777": {
    "petType": "small",
    "subType": "other"
  },
  "1990702967379513345": {
    "petType": "dog"
  },
  "1990691674766823426": {
    "petType": "dog"
  },
  "1990621631432286209": {
    "petType": "dog"
  },
  "1990691662108413953": {
    "petType": "dog"
  },
  "1990604523990343681": {
    "petType": "dog"
  },
  "1990691561905115137": {
    "petType": "small",
    "subType": "other"
  },
  "1990691590074060802": {
    "petType": "dog"
  },
  "1990691621283876865": {
    "petType": "dog"
  },
  "1990691641781440513": {
    "petType": "dog"
  },
  "1990691685007937537": {
    "petType": "small",
    "subType": "other"
  },
  "1990441216217755650": {
    "petType": "dog"
  },
  "1988495891753312257": {
    "petType": "dog"
  },
  "1982440547655647234": {
    "petType": "dog"
  },
  "1979841815190630402": {
    "petType": "dog"
  },
  "1978696056806240257": {
    "petType": "dog"
  },
  "1971137381161009154": {
    "petType": "dog"
  },
  "1965667532353343490": {
    "petType": "dog"
  },
  "1961278668578516994": {
    "petType": "small",
    "subType": "rabbit"
  },
  "1960994080710246402": {
    "petType": "dog"
  },
  "1959791128691654658": {
    "petType": "dog"
  },
  "1879346288407760898": {
    "petType": "dog"
  },
  "1879013812738883586": {
    "petType": "small",
    "subType": "other"
  },
  "1872179551709622274": {
    "petType": "dog"
  },
  "1856263027474452480": {
    "petType": "small",
    "subType": "other"
  },
  "1855894482974560256": {
    "petType": "dog"
  },
  "2410110334111614200": {
    "petType": "dog"
  },
  "1807710310313644032": {
    "petType": "dog"
  },
  "1806928748680728576": {
    "petType": "dog"
  },
  "1806943319785099264": {
    "petType": "dog"
  },
  "1805551425163251712": {
    "petType": "dog"
  },
  "1803614417658466304": {
    "petType": "dog"
  },
  "1721808426021834752": {
    "petType": "dog"
  },
  "1700376284947697664": {
    "petType": "dog"
  },
  "1668120524876566528": {
    "petType": "dog"
  },
  "1657574694545412096": {
    "petType": "dog"
  },
  "1632028985222123520": {
    "petType": "dog"
  },
  "1588826407327772672": {
    "petType": "dog"
  },
  "1561725514673967104": {
    "petType": "dog"
  },
  "1517341274318721024": {
    "petType": "dog"
  },
  "DEE56FA4-F797-43E3-9BD8-0BC8EE993892": {
    "petType": "dog"
  },
  "50434994-F7B3-4DAD-AE52-835EED9C3CC2": {
    "petType": "dog"
  },
  "1967849097931362306": {
    "petType": "small",
    "subType": "other"
  },
  "1967501908958019585": {
    "petType": "small",
    "subType": "other"
  },
  "1946473004012797954": {
    "petType": "dog"
  },
  "1892139061461774338": {
    "petType": "dog"
  },
  "1855860959337140224": {
    "petType": "dog"
  },
  "1851542684281229312": {
    "petType": "dog"
  },
  "1851510171403964416": {
    "petType": "dog"
  },
  "1806253910924349440": {
    "petType": "dog"
  },
  "1805807592162611200": {
    "petType": "dog"
  },
  "1805796399821770752": {
    "petType": "dog"
  },
  "1786274371230126080": {
    "petType": "dog"
  },
  "1784445710201933824": {
    "petType": "dog"
  },
  "1750132340162449408": {
    "petType": "small",
    "subType": "other"
  },
  "1573847847211520000": {
    "petType": "dog"
  }
}