{
  "resolved": {
    "bestSellers": [
      {
        "id": "1991250315872079874",
        "cj_pid": "1991250315872079874",
        "name": "Cat Shelf for Wall",
        "title": "Cat Shelf for Wall",
        "description": "",
        "price": 39.09,
        "old_price": 50.82,
        "images": [
          "https://cf.cjdropshipping.com/17635104/a90176b2-991e-43f3-a7ca-c819dcd7fe80.jpg",
          "https://cf.cjdropshipping.com/17635104/35e426da-df18-41ff-82bd-1545b77cc097.jpg",
          "https://cf.cjdropshipping.com/17635104/351ac976-20e1-46a5-909a-f4a6f511845f.jpg",
          "https://cf.cjdropshipping.com/17635104/dd008d48-7279-49c6-9ad0-2f29113f49ef.jpg",
          "https://cf.cjdropshipping.com/17635104/d1efddf1-bea5-4fd7-9551-2fa16b4fed39.jpg",
          "https://cf.cjdropshipping.com/17635104/d873f6cb-2253-4ed6-92d4-09ceeb2b218b.jpg",
          "https://cf.cjdropshipping.com/17635104/1c9e62e2-2c0a-4f86-9cd0-269e28d3aff0.jpg",
          "https://cf.cjdropshipping.com/17635104/2d36532f-1ce7-423a-a49f-82acb7a5276a.jpg"
        ],
        "image": "https://cf.cjdropshipping.com/17635104/a90176b2-991e-43f3-a7ca-c819dcd7fe80.jpg",
        "rating": 4.894782129438555,
        "reviews_count": 230,
        "stock": 100,
        "category": "cats",
        "categoryId": "2410110356161627200",
        "categoryName": "Cat Trees & Condos",
        "tags": [],
        "badge": "Top Rated",
        "variants": [],
        "weight": "11320",
        "createdAt": "2025-12-12T07:15:59.226Z",
        "mainCategorySlug": "dogs",
        "subcategorySlug": "accessories",
        "is_pet_product": true,
        "pet_type": null,
        "homepage_eligible": true,
        "blocked_reason": null,
        "pet_score": 3,
        "pet_bucket": "unknown",
        "classified_at": "2025-12-23T18:43:43.523Z",
        "enrichedAt": "2025-12-25T12:00:28.030Z"
      },
      {
        "id": "1991245205112655874",
        "cj_pid": "1991245205112655874",
        "name": "Foldable Pet Swimming Pool",
        "title": "Foldable Pet Swimming Pool",
        "description": "",
        "price": 22.74,
        "old_price": 29.56,
        "images": [
          "https://cf.cjdropshipping.com/17635104/d5419218-a0a8-4cb9-a04e-be573a7e641e.jpg",
          "https://cf.cjdropshipping.com/17635104/f5a3b5d8-4958-4eff-98d7-14c5c4640491.jpg",
          "https://cf.cjdropshipping.com/17635104/755b03c5-3b86-4281-93c5-9fbc45ed12f0.jpg",
          "https://cf.cjdropshipping.com/17635104/333c9718-e92b-4182-9e4c-48a211fcf35b.jpg",
          "https://cf.cjdropshipping.com/17635104/6c0d4ecf-0883-42c7-bf97-3fd02c4473c6.jpg",
          "https://cf.cjdropshipping.com/17635104/7d29b193-58ce-4d37-847e-125649607e1a.jpg",
          "https://cf.cjdropshipping.com/17635104/0a6b727f-6103-4af0-a61e-529383b19975.jpg",
          "https://cf.cjdropshipping.com/17635104/b567eed2-04c4-46ff-9752-c7939202587d.jpg"
        ],
        "image": "https://cf.cjdropshipping.com/17635104/d5419218-a0a8-4cb9-a04e-be573a7e641e.jpg",
        "rating": 4.876014502351411,
        "reviews_count": 97,
        "stock": 100,
        "category": "pets",
        "categoryId": "2410110355151622300",
        "categoryName": "Pet Shower Products",
        "tags": [],
        "badge": "Best Seller",
        "variants": [],
        "weight": "7110",
        "createdAt": "2025-12-12T07:15:48.616Z",
        "mainCategorySlug": "dogs",
        "subcategorySlug": "accessories",
        "is_pet_product": true,
        "pet_type": "both",
        "homepage_eligible": true,
        "blocked_reason": null,
        "pet_score": 2,
        "pet_bucket": "unknown",
        "classified_at": "2025-12-23T18:43:43.483Z",
        "enrichedAt": "2025-12-25T11:59:25.719Z"
      },
      {
        "id": "1991251133513895937",
        "cj_pid": "1991251133513895937",
        "name": "Modern Cat Litter Box Enclosure with Adjustable Partition for Customizable Space",
        "title": "Modern Cat Litter Box Enclosure with Adjustable Partition for Customizable Space",
        "description": "",
        "price": 49.29,
        "old_price": 64.08,
        "images": [
          "https://cf.cjdropshipping.com/17635104/2317e30b-842a-4c31-9a03-c12e2eb9e29d.jpg",
          "https://cf.cjdropshipping.com/17635104/6fd204bd-6870-4004-b10a-95726576a91c.jpg",
          "https://cf.cjdropshipping.com/17635104/20363333-8efc-4583-bf14-f9054f76b02a.jpg",
          "https://cf.cjdropshipping.com/17635104/a91f7088-7ee6-4402-bde1-c1bccbf97d38.jpg",
          "https://cf.cjdropshipping.com/17635104/b10be07f-c7dd-4dc5-9fae-537f2be731c1.jpg",
          "https://cf.cjdropshipping.com/17635104/69973e03-c249-4e28-8f4d-5679bea217fe.jpg",
          "https://cf.cjdropshipping.com/17635104/11f431ef-8c88-403f-993e-83d750378163.jpg",
          "https://cf.cjdropshipping.com/17635104/5ae5709f-2210-46ce-b658-4e24aece4cd7.jpg"
        ],
        "image": "https://cf.cjdropshipping.com/17635104/2317e30b-842a-4c31-9a03-c12e2eb9e29d.jpg",
        "rating": 4.874399530701581,
        "reviews_count": 205,
        "stock": 100,
        "category": "cats",
        "categoryId": "2410110356301618100",
        "categoryName": "Pet Furniture Tools",
        "tags": [],
        "badge": "Trending",
        "variants": [],
        "weight": "21000",
        "createdAt": "2025-12-12T07:15:59.226Z",
        "mainCategorySlug": "dogs",
        "subcategorySlug": "accessories",
        "is_pet_product": true,
        "pet_type": "cat",
        "homepage_eligible": true,
        "blocked_reason": null,
        "pet_score": 5,
        "pet_bucket": "litter",
        "classified_at": "2025-12-23T18:43:43.520Z",
        "enrichedAt": "2025-12-25T12:00:21.927Z"
      },
      {
        "id": "1561725514673967104",
        "cj_pid": "1561725514673967104",
        "name": "Pets Dog Cat Baby Safety Gate Mesh Fence Magic Portable Guard Net Stairs Doors",
        "title": "Pets Dog Cat Baby Safety Gate Mesh Fence Magic Portable Guard Net Stairs Doors",
        "description": "",
        "price": 13.78,
        "old_price": 17.91,
        "images": [
          "https://cf.cjdropshipping.com/6d8cdeae-359f-44b0-be3b-d96ce7a0277b.jpg",
          "https://cf.cjdropshipping.com/16981056/1716718084636807168.jpg",
          "https://cf.cjdropshipping.com/16981056/1716718084351594496.jpg",
          "https://cf.cjdropshipping.com/6f05fc2f-4127-490c-97d0-11dc11316668.jpg",
          "https://cf.cjdropshipping.com/17562528/1960522875475857408.jpg",
          "https://cf.cjdropshipping.com/16981056/1716718084070576128.jpg",
          "https://cf.cjdropshipping.com/16981056/1716718081818234880.jpg",
          "https://cf.cjdropshipping.com/16981056/1716718082980057088.jpg",
          "https://cf.cjdropshipping.com/16981056/1716718083445624832.jpg",
          "https://cf.cjdropshipping.com/17470944/1922115596338860032.jpg",
          "https://cf.cjdropshipping.com/16981056/1716718082015367168.jpg",
          "https://cf.cjdropshipping.com/16981056/1716718083672117248.jpg",
          "https://cf.cjdropshipping.com/17470944/1922115597513265152.jpg",
          "https://cf.cjdropshipping.com/16981056/1716718081591742464.jpg",
          "https://cf.cjdropshipping.com/16981056/1716718082258636800.jpg",
          "https://cf.cjdropshipping.com/16981056/1716718082640318464.jpg",
          "https://cf.cjdropshipping.com/16981056/1716718083198160896.jpg",
          "https://cf.cjdropshipping.com/16981056/1716718083856666624.jpg",
          "https://cf.cjdropshipping.com/17562528/1960522874611830784.jpg"
        ],
        "image": "https://cf.cjdropshipping.com/6d8cdeae-359f-44b0-be3b-d96ce7a0277b.jpg",
        "rating": 4.873687678715389,
        "reviews_count": 235,
        "stock": 100,
        "category": "dogs",
        "categoryId": "2410110340411608400",
        "categoryName": "Pet Toy Set",
        "tags": [],
        "badge": "Top Rated",
        "variants": [],
        "weight": "100",
        "createdAt": "2025-12-12T07:16:02.901Z",
        "mainCategorySlug": "dogs",
        "subcategorySlug": "accessories",
        "is_pet_product": true,
        "pet_type": null,
        "homepage_eligible": true,
        "blocked_reason": null,
        "pet_score": 5,
        "pet_bucket": "training",
        "classified_at": "2025-12-23T18:43:43.543Z",
        "enrichedAt": "2025-12-25T12:00:49.615Z"
      }
    ],
    "trendingNow": [
      {
        "id": "1991248375670935554",
        "cj_pid": "1991248375670935554",
        "name": "Dog Car Ramp, 75\" x 20\" Extra Long and Wide, Non-Slip Surface, Folding Portable Pet Ramp for Large, ",
        "title": "Dog Car Ramp, 75\" x 20\" Extra Long and Wide, Non-Slip Surface, Folding Portable Pet Ramp for Large, ",
        "description": "",
        "price": 59.49,
        "old_price": 77.34,
        "images": [
          "https://cf.cjdropshipping.com/17635104/607f95ab-98ce-48d2-9a55-32efc60c1626.jpg",
          "https://cf.cjdropshipping.com/17635104/4b04df14-7905-4a6d-839a-03ff9012ae47.jpg",
          "https://cf.cjdropshipping.com/17635104/1320912f-3568-4adc-a120-18619ad94ff0.jpg",
          "https://cf.cjdropshipping.com/17635104/d92f55aa-37db-4ba4-a64e-10fd34614555.jpg",
          "https://cf.cjdropshipping.com/17635104/4a8d888f-4745-41c2-a174-f69966b94652.jpg",
          "https://cf.cjdropshipping.com/17635104/8e0f2f57-b289-463a-a9e3-cfd15f1d4b8a.jpg",
          "https://cf.cjdropshipping.com/17635104/16a1bfcf-fd0b-4f38-99b2-4b9e40015276.jpg",
          "https://cf.cjdropshipping.com/17635104/ff42f703-a62e-410c-8671-fee0fa877b78.jpg"
        ],
        "image": "https://cf.cjdropshipping.com/17635104/607f95ab-98ce-48d2-9a55-32efc60c1626.jpg",
        "rating": 4.870112845023149,
        "reviews_count": 248,
        "stock": 100,
        "category": "dogs",
        "categoryId": "2410110356301618100",
        "categoryName": "Pet Furniture Tools",
        "tags": [],
        "badge": "Best Seller",
        "variants": [],
        "weight": "8000",
        "createdAt": "2025-12-12T07:15:53.944Z",
        "mainCategorySlug": "dogs",
        "subcategorySlug": "accessories",
        "is_pet_product": true,
        "pet_type": "dog",
        "homepage_eligible": true,
        "blocked_reason": null,
        "pet_score": 3,
        "pet_bucket": "unknown",
        "classified_at": "2025-12-23T18:43:43.495Z",
        "enrichedAt": "2025-12-25T11:59:41.034Z"
      },
      {
        "id": "1991786961910530050",
        "cj_pid": "1991786961910530050",
        "name": "Pet Stroller For Dogs And Cats - Foldable, Lightweight, And Durable - Ideal For Small To Medium Pets",
        "title": "Pet Stroller For Dogs And Cats - Foldable, Lightweight, And Durable - Ideal For Small To Medium Pets",
        "description": "",
        "price": 40.84,
        "old_price": 53.09,
        "images": [
          "https://cf.cjdropshipping.com/c5054db0-cfd6-4764-a423-3cf93702a2f9.png"
        ],
        "image": "https://cf.cjdropshipping.com/c5054db0-cfd6-4764-a423-3cf93702a2f9.png",
        "rating": 4.864725049444316,
        "reviews_count": 172,
        "stock": 100,
        "category": "dogs",
        "categoryId": "2410110356301618100",
        "categoryName": "Pet Furniture Tools",
        "tags": [],
        "badge": "Top Rated",
        "variants": [],
        "weight": "7001",
        "createdAt": "2025-12-12T07:15:46.980Z",
        "mainCategorySlug": "dogs",
        "subcategorySlug": "accessories",
        "is_pet_product": true,
        "pet_type": "both",
        "homepage_eligible": true,
        "blocked_reason": null,
        "pet_score": 4,
        "pet_bucket": "travel",
        "classified_at": "2025-12-23T18:43:43.479Z"
      },
      {
        "id": "1991250243151237121",
        "cj_pid": "1991250243151237121",
        "name": "20.5\" Weaved Cat Bed",
        "title": "20.5\" Weaved Cat Bed",
        "description": "",
        "price": 70.54,
        "old_price": 91.7,
        "images": [
          "https://cf.cjdropshipping.com/17635104/7724e6df-53ea-4387-b4ae-86c9332055ce.jpg"
        ],
        "image": "https://cf.cjdropshipping.com/17635104/7724e6df-53ea-4387-b4ae-86c9332055ce.jpg",
        "rating": 4.861691981246379,
        "reviews_count": 243,
        "stock": 100,
        "category": "cats",
        "categoryId": "2410110358051626100",
        "categoryName": "Pet Beds",
        "tags": [
          "beds"
        ],
        "badge": "Top Rated",
        "variants": [],
        "weight": "4200-5800",
        "createdAt": "2025-12-12T07:15:59.226Z",
        "mainCategorySlug": "dogs",
        "subcategorySlug": "accessories",
        "is_pet_product": true,
        "pet_type": "cat",
        "homepage_eligible": true,
        "blocked_reason": null,
        "pet_score": 4,
        "pet_bucket": "beds",
        "classified_at": "2025-12-23T18:43:43.528Z"
      },
      {
        "id": "1991251169224200193",
        "cj_pid": "1991251169224200193",
        "name": "Cat Litter Box with Lid",
        "title": "Cat Litter Box with Lid",
        "description": "",
        "price": 53.54,
        "old_price": 69.6,
        "images": [
          "https://cf.cjdropshipping.com/17635104/9a88ade5-2b70-47b0-b66d-ee643f490eca.jpg"
        ],
        "image": "https://cf.cjdropshipping.com/17635104/9a88ade5-2b70-47b0-b66d-ee643f490eca.jpg",
        "rating": 4.8530713194171495,
        "reviews_count": 124,
        "stock": 100,
        "category": "cats",
        "categoryId": "2410110356301618100",
        "categoryName": "Pet Furniture Tools",
        "tags": [],
        "badge": "Trending",
        "variants": [],
        "weight": "4000",
        "createdAt": "2025-12-12T07:15:57.585Z",
        "mainCategorySlug": "dogs",
        "subcategorySlug": "accessories",
        "is_pet_product": true,
        "pet_type": "cat",
        "homepage_eligible": true,
        "blocked_reason": null,
        "pet_score": 5,
        "pet_bucket": "litter",
        "classified_at": "2025-12-23T18:43:43.518Z"
      }
    ],
    "topPicksDogs": [
      {
        "id": "1990702967379513345",
        "cj_pid": "1990702967379513345",
        "name": "Cat Litter with Baby Powder Scent Bentonite 20L",
        "title": "Cat Litter with Baby Powder Scent Bentonite 20L",
        "description": "",
        "price": 33.42,
        "old_price": 43.45,
        "images": [
          "https://cf.cjdropshipping.com/17634240/4ce29962-e88c-4e15-a151-43fca3e7f260.jpg",
          "https://cf.cjdropshipping.com/17634240/dc0d4ad1-4654-4a49-a049-1cf9d4acc7d9.jpg",
          "https://cf.cjdropshipping.com/17634240/13de16df-9af5-45f0-81af-88880bef2c16.jpg",
          "https://cf.cjdropshipping.com/17634240/c6753795-55de-4db5-afac-7ca29a189f79.jpg",
          "https://cf.cjdropshipping.com/17634240/a92b3881-dc2f-45db-bb46-0deeb7fb5701.jpg",
          "https://cf.cjdropshipping.com/17634240/0211f613-bd8e-444f-a569-a4656d98bd3e.jpg",
          "https://cf.cjdropshipping.com/17634240/6bd034da-b68b-47fd-a49e-2f3dead8f815.jpg"
        ],
        "image": "https://cf.cjdropshipping.com/17634240/4ce29962-e88c-4e15-a151-43fca3e7f260.jpg",
        "rating": 4.843032707171151,
        "reviews_count": 91,
        "stock": 100,
        "category": "cats",
        "categoryId": "2410110355491614000",
        "categoryName": "Cat Scratching Posts",
        "tags": [],
        "badge": "Trending",
        "variants": [],
        "weight": "9299",
        "createdAt": "2025-12-12T07:15:59.226Z",
        "mainCategorySlug": "dogs",
        "subcategorySlug": "accessories",
        "is_pet_product": true,
        "pet_type": "cat",
        "homepage_eligible": true,
        "blocked_reason": null,
        "pet_score": 4,
        "pet_bucket": "litter",
        "classified_at": "2025-12-23T18:43:43.531Z",
        "enrichedAt": "2025-12-25T12:00:33.054Z"
      },
      {
        "id": "1991248909085741057",
        "cj_pid": "1991248909085741057",
        "name": "Elevated Dog Bowls with Storage",
        "title": "Elevated Dog Bowls with Storage",
        "description": "",
        "price": 56.94,
        "old_price": 74.02,
        "images": [
          "https://cf.cjdropshipping.com/17635104/6b399208-7731-43d5-ba8f-9249d9fcb2aa.jpg"
        ],
        "image": "https://cf.cjdropshipping.com/17635104/6b399208-7731-43d5-ba8f-9249d9fcb2aa.jpg",
        "rating": 4.8419975261510615,
        "reviews_count": 127,
        "stock": 100,
        "category": "dogs",
        "categoryId": "2410110341061612000",
        "categoryName": "Pet Bowls",
        "tags": [
          "feeding"
        ],
        "badge": null,
        "variants": [],
        "weight": "9700-9800",
        "createdAt": "2025-12-12T07:15:53.945Z",
        "mainCategorySlug": "dogs",
        "subcategorySlug": "accessories",
        "is_pet_product": true,
        "pet_type": "dog",
        "homepage_eligible": true,
        "blocked_reason": null,
        "pet_score": 4,
        "pet_bucket": "feeding",
        "classified_at": "2025-12-23T18:43:43.499Z"
      },
      {
        "id": "1992955763424149505",
        "cj_pid": "1992955763424149505",
        "name": "Elevated Dog Bed For Large Dogs Portable Raised Dog Cot With Teslin Mesh L",
        "title": "Elevated Dog Bed For Large Dogs Portable Raised Dog Cot With Teslin Mesh L",
        "description": "",
        "price": 40.47,
        "old_price": 52.61,
        "images": [
          "https://cf.cjdropshipping.com/17639424/43fc2e14-62c1-4ad2-99fa-9bbc60742dc7.jpg",
          "https://cf.cjdropshipping.com/17639424/c3570918-3674-42f6-a3e7-44a9cc6b9c6b.jpg",
          "https://cf.cjdropshipping.com/17639424/aa999e49-7da4-47ce-9cac-493cb001beb8.jpg",
          "https://cf.cjdropshipping.com/17639424/c1aaa367-c25c-4156-817f-2cf6cf554652.jpg",
          "https://cf.cjdropshipping.com/17639424/b82f8a35-3a22-48ad-a84e-7c0aad96058b.jpg",
          "https://cf.cjdropshipping.com/17639424/0ce651de-b0af-4d1f-bebb-074437da0689.jpg"
        ],
        "image": "https://cf.cjdropshipping.com/17639424/43fc2e14-62c1-4ad2-99fa-9bbc60742dc7.jpg",
        "rating": 4.83904176995394,
        "reviews_count": 214,
        "stock": 100,
        "category": "dogs",
        "categoryId": "2410110358051626100",
        "categoryName": "Pet Beds",
        "tags": [
          "beds"
        ],
        "badge": "Trending",
        "variants": [],
        "weight": "3500",
        "createdAt": "2025-12-12T07:15:52.295Z",
        "mainCategorySlug": "dogs",
        "subcategorySlug": "accessories",
        "is_pet_product": true,
        "pet_type": "dog",
        "homepage_eligible": true,
        "blocked_reason": null,
        "pet_score": 4,
        "pet_bucket": "beds",
        "classified_at": "2025-12-23T18:43:43.490Z",
        "enrichedAt": "2025-12-25T11:59:35.735Z"
      }
    ],
    "topPicksCats": [],
    "topPicksSmallPets": [
      {
        "id": "1991773771676569602",
        "cj_pid": "1991773771676569602",
        "name": "Pet Playpen, Small Animal Cage Indoor Portable Metal Wire Yard Fence For Small Animals, Guinea Pigs,",
        "title": "Pet Playpen, Small Animal Cage Indoor Portable Metal Wire Yard Fence For Small Animals, Guinea Pigs,",
        "description": "",
        "price": 19.8,
        "old_price": 25.74,
        "images": [
          "https://cf.cjdropshipping.com/72ab5525-c622-4cae-afdb-a0576283db01.jpg",
          "https://cf.cjdropshipping.com/f9d46cb4-3def-4b64-ae9f-69790b062964.jpg",
          "https://cf.cjdropshipping.com/59a502bf-e593-4510-9a0c-0a7da3631769.jpg",
          "https://cf.cjdropshipping.com/7e1731d4-fe88-460b-beb4-da180fc19cb0.jpg",
          "https://cf.cjdropshipping.com/dad2fb73-16e0-4562-9a62-bdfbab5292c5.jpg",
          "https://cf.cjdropshipping.com/9c40746e-fa99-4504-988e-225c963f1b93.jpg",
          "https://cf.cjdropshipping.com/76c326d1-7adb-4f50-8e80-a3be40e9848f.jpg",
          "https://cf.cjdropshipping.com/3d726c87-6a4c-472f-b50e-3fe91bb42e3d.jpg",
          "https://cf.cjdropshipping.com/dfefe7e8-bc8f-4da5-b4af-51a1f35ac4ce.jpg",
          "https://cf.cjdropshipping.com/e4c1fd61-b14f-43fc-8333-99e2ff4764f2.jpg",
          "https://cf.cjdropshipping.com/ff61c526-54e5-4140-a5db-c98440c38aaa.jpg",
          "https://cf.cjdropshipping.com/c35a1c3b-51dc-435b-9739-a9ca4bb317f6.jpg"
        ],
        "image": "https://cf.cjdropshipping.com/72ab5525-c622-4cae-afdb-a0576283db01.jpg",
        "rating": 4.897821198118346,
        "reviews_count": 201,
        "stock": 100,
        "category": "pets",
        "categoryId": "2410110356441603600",
        "categoryName": "Pet Houses & Cages",
        "tags": [],
        "badge": null,
        "variants": [],
        "weight": "3450",
        "createdAt": "2025-12-12T07:15:46.980Z",
        "mainCategorySlug": "dogs",
        "subcategorySlug": "accessories",
        "is_pet_product": true,
        "pet_type": "both",
        "homepage_eligible": true,
        "blocked_reason": null,
        "pet_score": 3,
        "pet_bucket": "unknown",
        "classified_at": "2025-12-23T18:43:43.479Z",
        "enrichedAt": "2025-12-25T11:59:23.128Z"
      },
      {
        "id": "1991795763679121410",
        "cj_pid": "1991795763679121410",
        "name": "Cat Tree Tower, 65-inch Large Cat Tree, With Hammocks And Scratch Columns, A Comfortable And Fun Cat",
        "title": "Cat Tree Tower, 65-inch Large Cat Tree, With Hammocks And Scratch Columns, A Comfortable And Fun Cat",
        "description": "",
        "price": 57.15,
        "old_price": 74.3,
        "images": [
          "https://cf.cjdropshipping.com/3d1317c1-4160-4e76-afb2-29e7b6ee394b.png"
        ],
        "image": "https://cf.cjdropshipping.com/3d1317c1-4160-4e76-afb2-29e7b6ee394b.png",
        "rating": 4.879615167410554,
        "reviews_count": 213,
        "stock": 100,
        "category": "cats",
        "categoryId": "2410110356161627200",
        "categoryName": "Cat Trees & Condos",
        "tags": [],
        "badge": "Best Seller",
        "variants": [],
        "weight": "17999",
        "createdAt": "2025-12-12T07:15:57.585Z",
        "mainCategorySlug": "dogs",
        "subcategorySlug": "accessories",
        "is_pet_product": true,
        "pet_type": "cat",
        "homepage_eligible": true,
        "blocked_reason": null,
        "pet_score": 3,
        "pet_bucket": "scratchers",
        "classified_at": "2025-12-23T18:43:43.515Z"
      },
      {
        "id": "1992942895668576257",
        "cj_pid": "1992942895668576257",
        "name": "Dog Dryer, 2800W/4.3HP Dog Blow Dryer, Pet Grooming Dryer With Adjustable Speed And Temperature Cont",
        "title": "Dog Dryer, 2800W/4.3HP Dog Blow Dryer, Pet Grooming Dryer With Adjustable Speed And Temperature Cont",
        "description": "",
        "price": 58.87,
        "old_price": 76.53,
        "images": [
          "https://cf.cjdropshipping.com/17639424/3f492f36-3de1-4904-8851-f26090d117f5.jpg",
          "https://cf.cjdropshipping.com/17639424/4dc932ae-caba-4fe5-bb8f-1db6b920a2b1.jpg",
          "https://cf.cjdropshipping.com/17639424/e61b69c5-6207-4902-a573-94a7103b133f.jpg",
          "https://cf.cjdropshipping.com/17639424/2829da75-b24e-4d56-8c75-8f811d165409.jpg",
          "https://cf.cjdropshipping.com/17639424/0c1b4a9a-0a95-4275-abd3-5e64337d8ed5.jpg",
          "https://cf.cjdropshipping.com/17639424/03f3a817-a1db-44c4-a43c-43e1e9556b62.jpg"
        ],
        "image": "https://cf.cjdropshipping.com/17639424/3f492f36-3de1-4904-8851-f26090d117f5.jpg",
        "rating": 4.872971669581686,
        "reviews_count": 229,
        "stock": 100,
        "category": "dogs",
        "categoryId": "2410110355151622300",
        "categoryName": "Pet Shower Products",
        "tags": [
          "grooming"
        ],
        "badge": "New Arrival",
        "variants": [],
        "weight": "5000",
        "createdAt": "2025-12-12T07:15:52.295Z",
        "mainCategorySlug": "dogs",
        "subcategorySlug": "accessories",
        "is_pet_product": true,
        "pet_type": "dog",
        "homepage_eligible": true,
        "blocked_reason": null,
        "pet_score": 3,
        "pet_bucket": "grooming",
        "classified_at": "2025-12-23T18:43:43.489Z",
        "enrichedAt": "2025-12-25T11:59:33.287Z"
      }
    ],
    "_meta": {
      "generatedAt": "2025-12-26T10:32:01.078Z",
      "counts": {
        "bestSellers": 4,
        "trendingNow": 4,
        "topPicksDogs": 3,
        "topPicksCats": 0,
        "topPicksSmallPets": 3
      }
    }
  },
  "skipped": [
    {
      "id": "1998573249922953217",
      "title": "Custom Pet Photo Pins - Cherish Memories With Your Furry Friend - 2.25inch 2 Pcs Must Upload The Ima",
      "reason": "price_out_of_range"
    },
    {
      "id": "1993885211980353537",
      "title": "Pet Tear Stain Removal Powder - Natural And Gentle Formula, Eye And Fur Care, Tear Stain Removal And",
      "reason": "price_out_of_range"
    },
    {
      "id": "1993882260050169858",
      "title": "Pet Dental Powder - Freshens Breath, Protects Gums And Strengthens Teeth. An Essential For Daily Ora",
      "reason": "price_out_of_range"
    },
    {
      "id": "1993155042347737090",
      "title": "2-in-1 Pet Grooming Gloves & Brushes For Cats And Dogs High-Efficiency Hair Removal & Massage Gloves",
      "reason": "price_out_of_range"
    },
    {
      "id": "1993006928471289857",
      "title": "Pet Stroller 4-Wheels Dog Stroller Carrier 160lbs Weight Capacity Portable",
      "reason": "blocked_nonpet"
    },
    {
      "id": "1993007032305479682",
      "title": "Pet Stroller Foldable 4 Wheels Travel Dog Stroller Reversible Handle Up To 44lbs",
      "reason": "blocked_nonpet"
    },
    {
      "id": "1993006996016361474",
      "title": "Pet Stroller Foldable 4 Wheels Dog Stroller Detachable Carrier Up To 35lbs",
      "reason": "blocked_nonpet"
    },
    {
      "id": "1992955820617003009",
      "title": "Elevated Lounge Pet Bed Foldable Bunk Dog Bed With Wheels & Side Bags L",
      "reason": "blocked_nonpet"
    },
    {
      "id": "1993007067604742145",
      "title": "Pet Stroller, 4 Wheels Dog Stroller Rotate With Brakes, 66 Lbs Weight Capacity, Puppy Stroller With ",
      "reason": "blocked_nonpet"
    },
    {
      "id": "1993006962566787073",
      "title": "Pet Stroller Foldable 3 Wheels Dog Stroller With Brake Up To 35lbs Travel Camp",
      "reason": "blocked_nonpet"
    },
    {
      "id": "1992488017443860482",
      "title": "Cat Walking Rope, Vest Style Dog Cartoon Animal Wool Grain Leash, Autumn And Winter Pet Cat Leash",
      "reason": "price_out_of_range"
    },
    {
      "id": "1992473230051815426",
      "title": "Dog Toys, Sound-sounding, Food-hiding, Educational, Self-entertaining And Stress-relieving Gadgets F",
      "reason": "price_out_of_range"
    },
    {
      "id": "1992483683275927554",
      "title": "Pet Colorful Teething Toy Balls, Teething And Cleaning Teeth, Durable Rubber Elastic Dog Toys, Energ",
      "reason": "price_out_of_range"
    },
    {
      "id": "1991750114320744449",
      "title": "Cross-border Dog Bowl, Double-ear Handle Silicone Slow Food Bowl, Dog Pet Small Dog Slow Food Mat, A",
      "reason": "price_out_of_range"
    },
    {
      "id": "1991244926845751298",
      "title": "2-in-1 Pet Bike Trailer for Small Dogs",
      "reason": "price_out_of_range"
    },
    {
      "id": "1991061266784509954",
      "title": "Dog Chew Toy With Rubber Tire & Tug Of War Rope For Medium Large Dogs Aggressive Chewers, Interactiv",
      "reason": "price_out_of_range"
    },
    {
      "id": "1991089054435762178",
      "title": "Pet Stroller, 4 Wheels Dog Stroller Rotate With Brakes, 29.9 Kg Weight Capacity, Puppy Stroller With",
      "reason": "blocked_nonpet"
    },
    {
      "id": "1991245165589729282",
      "title": "1 Pet Jogging Stroller for Small Dogs and Cats with Detachable Carrier",
      "reason": "price_out_of_range"
    },
    {
      "id": "1991249103250513921",
      "title": "Pet Feeding Station",
      "reason": "price_out_of_range"
    },
    {
      "id": "1991244853858525186",
      "title": "Pet Stroller Foldable Dog Cat Travel Carriage with Adjustable Handlebar PVC Wheel Brake Storage Bag ",
      "reason": "price_out_of_range"
    },
    {
      "id": "1991245633315397633",
      "title": "44'' Strong Pet Dog Crate Mobility Cage w/ Playpen & Removeable Tray",
      "reason": "price_out_of_range"
    },
    {
      "id": "1996839415274844162",
      "title": "Dog Ramp",
      "reason": "price_out_of_range"
    },
    {
      "id": "1996830523526524930",
      "title": "UV Printing Camouflage Embossed Pet Leash Set Is A Perfect Combination Of Style And Functionality Sp",
      "reason": "price_out_of_range"
    },
    {
      "id": "1996836586367791105",
      "title": "2-in-1 Dog Crate End Table - Rustic Brown, 88lbs Capacity, Farmhouse Style, 32.5\"x18.5\"x23.5\"",
      "reason": "price_out_of_range"
    },
    {
      "id": "1996870075989405697",
      "title": "Honeycomb Embossed Dual-Color Pet Leash Set Is Stylish And Fashionable. The Embossed Surface Enhance",
      "reason": "price_out_of_range"
    },
    {
      "id": "1996493861430915074",
      "title": "Adjustable Bandana Leather Pet Collar Triangle Scarf",
      "reason": "price_out_of_range"
    },
    {
      "id": "1995425463360872450",
      "title": "Dog Playpen Indoor Fence Height Metal Exercise Pen With Door Small Puppy Medium Large Dogs Animal Pe",
      "reason": "price_out_of_range"
    },
    {
      "id": "1994702401923076097",
      "title": "63'' Large Dog Crate Furniture For Double Dog, Wooden Dog Kennel With 2 Drawers,Divider And Sliding ",
      "reason": "price_out_of_range"
    },
    {
      "id": "1994702521858703361",
      "title": "47.2 Mobile Dog Crate With Flip-Top Feeding Door, Dual-Access & 5 Caster System 2 Locking, Side Hook",
      "reason": "price_out_of_range"
    },
    {
      "id": "1993164615406215169",
      "title": "Interactive Dog Treat Ball, A Chewing Toy Suitable For Small And Medium-sized Dogs.",
      "reason": "price_out_of_range"
    },
    {
      "id": "1992943707889639426",
      "title": "Dog Whelping Box With Window Transparent Playpen For Medium Dog 60x39x23 In",
      "reason": "price_out_of_range"
    },
    {
      "id": "1993013779396075521",
      "title": "Puppy Dog Whelping Pen Box Adjustable Door Height For Medium Dogs 73x38x19.7 In",
      "reason": "price_out_of_range"
    },
    {
      "id": "1992943361081131009",
      "title": "Dog Ramp, Folding Pet Ramp For Bed, Adjustable Dog Ramp For Small, Large, Old Dogs & Cats, Wooden Pe",
      "reason": "price_out_of_range"
    },
    {
      "id": "1992943667305553921",
      "title": "Dog Whelping Box With Window Transparent Playpen For Large Dog 76x49x30 In",
      "reason": "price_out_of_range"
    },
    {
      "id": "1992943746850529281",
      "title": "Dog Whelping Box With Window Transparent Playpen For X-Large Dog 60x59x23 In",
      "reason": "price_out_of_range"
    },
    {
      "id": "1992943512481210370",
      "title": "Dog Waste Station 11.5 Gallons Outdoor Dog Poop Station With 600 Bags",
      "reason": "price_out_of_range"
    },
    {
      "id": "1991247020261302274",
      "title": "Automatic Dog Ball Launcher with 26-79 FT Distance, Automatic Ball Launcher for Medium and Large Dog",
      "reason": "price_out_of_range"
    },
    {
      "id": "1990996021906956290",
      "title": "Stainless Steel Dog Washing Station, 127 Cm Pet Grooming Tub W/ Ramp, PE Water Filter Board, Faucet ",
      "reason": "price_out_of_range"
    },
    {
      "id": "1991180368349270017",
      "title": "Dog Bike Trailer",
      "reason": "price_out_of_range"
    },
    {
      "id": "1991245237379436545",
      "title": "Outdoor Dog Kennel Galvanized Fence with Cover Secure Lock Sidewalls for Backyard 9.8' x 9.8' x 7.7'",
      "reason": "price_out_of_range"
    },
    {
      "id": "1991245494926479361",
      "title": "Dog Crate Furniture",
      "reason": "price_out_of_range"
    },
    {
      "id": "1991245594123821058",
      "title": "Dog Kennel Heavy Duty Playpen with Galvanized Secure Lock Sidewalls and Waterproof Cover for Backyar",
      "reason": "price_out_of_range"
    },
    {
      "id": "1991245035423698945",
      "title": "2-in-1 Dog Bike Trailer Pet Stroller Carrier for Large Dogs with Hitch",
      "reason": "price_out_of_range"
    },
    {
      "id": "1991245931987591170",
      "title": "47\" Dog Crate Furniture with Storage",
      "reason": "price_out_of_range"
    },
    {
      "id": "1991246327395160066",
      "title": "Dog Kennel Furniture Side End Table Indoor with Lockable Door",
      "reason": "price_out_of_range"
    },
    {
      "id": "1991245302634418177",
      "title": "Outdoor Dog Kennel with Roof",
      "reason": "price_out_of_range"
    },
    {
      "id": "1991248004710588418",
      "title": "Wooden Dog Ramp with Removable Guardrails, Non-Slip Surface, 70.5\" Long, Brown",
      "reason": "price_out_of_range"
    },
    {
      "id": "1991245843739435009",
      "title": "Furniture Style Dog Crate End Table",
      "reason": "price_out_of_range"
    },
    {
      "id": "1991245895694278658",
      "title": "Dog Crate",
      "reason": "price_out_of_range"
    },
    {
      "id": "1991245703133782017",
      "title": "Outdoor Dog Kennel with Rotating Bowl Holders",
      "reason": "price_out_of_range"
    },
    {
      "id": "1991245470326886401",
      "title": "Dog House Outdoor with Canopy",
      "reason": "price_out_of_range"
    },
    {
      "id": "1990986368192012289",
      "title": "Stainless Steel Dog Washing Station, 127 Cm Pet Grooming Tub W/ Ramp, Faucet & Showerhead & Leash Do",
      "reason": "price_out_of_range"
    },
    {
      "id": "1991180407968665602",
      "title": "Dog Bike Trailer 2-In-1 Pet Stroller with Canopy and Storage Pockets",
      "reason": "price_out_of_range"
    },
    {
      "id": "1991245809144815618",
      "title": "34'' 2-in-1 Dog Kennel",
      "reason": "price_out_of_range"
    },
    {
      "id": "1991246649321250817",
      "title": "Outdoor Dog Kennel with Two-Room Design",
      "reason": "price_out_of_range"
    },
    {
      "id": "1991245737925533698",
      "title": "Dog Playpen with Door & Removable Cover for Small & Most Medium Sized Dogs Indoor & Outdoor Use",
      "reason": "price_out_of_range"
    },
    {
      "id": "1991246152146608129",
      "title": "Cabin-Style Dog House for Large Dogs with Openable Roof & Giant Window",
      "reason": "price_out_of_range"
    },
    {
      "id": "1991248338144497666",
      "title": "Inflatable Dog Boat Ramp Up to 286 lbs",
      "reason": "price_out_of_range"
    },
    {
      "id": "1991251206486396930",
      "title": "Dog Crate End Table",
      "reason": "price_out_of_range"
    },
    {
      "id": "1991244999902138370",
      "title": "Dog Stroller for Large Medium Small Dogs up to 66 Lbs. 23.5\" in Body Length",
      "reason": "price_out_of_range"
    },
    {
      "id": "1991247398553968642",
      "title": "Raised Dog Sofa",
      "reason": "price_out_of_range"
    },
    {
      "id": "1991246873766846465",
      "title": "39\" Dog Crate Furniture w/ Anti-Chew Resistant Anti-Escape Single Door",
      "reason": "price_out_of_range"
    },
    {
      "id": "1991245383584485378",
      "title": "Dog House Outdoor",
      "reason": "price_out_of_range"
    },
    {
      "id": "1991246597462876162",
      "title": "39\" Dog Crate Furniture Side Table for Large Dogs with Three Doors",
      "reason": "price_out_of_range"
    },
    {
      "id": "1991246685539065857",
      "title": "L Dog House Outdoor Indoor for Small",
      "reason": "price_out_of_range"
    },
    {
      "id": "1991246050971607041",
      "title": "Dog Crate Furniture with Soft Cushion",
      "reason": "price_out_of_range"
    },
    {
      "id": "1998279478282907650",
      "title": "Cat Toys - Interactive Toy For Cat , Kitten Toys, Lightweight Resin Duck Shape Fun Stick For Kitten ",
      "reason": "price_out_of_range"
    },
    {
      "id": "1996058560674942978",
      "title": "Multi-level Natural Pear Wood Cat Tree, Sisal Scratching Posts, Plush Balls, Long Plush Fabric",
      "reason": "price_out_of_range"
    },
    {
      "id": "1993528254033338369",
      "title": "71 Inch Flower Cat Tree With Large Condo Removable Flower Cushion And Hammock Yellow",
      "reason": "price_out_of_range"
    },
    {
      "id": "1993525212538753026",
      "title": "71 Inch Flower Cat Tree With Large Condo Removable Flower Cushion And Hammock Blue",
      "reason": "price_out_of_range"
    },
    {
      "id": "1993526282130132993",
      "title": "4.6 In Dark Gray Cat Tree Tower With Wide Base, 3 Large Hinding Condo, 11 Sisal Scratching Post, Sis",
      "reason": "price_out_of_range"
    },
    {
      "id": "1993529399758573569",
      "title": "84.6 In Light Gray Cat Tree Tower With Wide Base, 3 Large Hinding Condo, 11 Sisal Scratching Post, S",
      "reason": "price_out_of_range"
    },
    {
      "id": "1993527282507468801",
      "title": "71 Inch Flower Cat Tree With Large Condo Removable Flower Cushion And Hammock Pink",
      "reason": "price_out_of_range"
    },
    {
      "id": "1992919985088282626",
      "title": "Cat Carrier With Wheels, Airline Approved Rolling Pet Carrier With Telescopic Handle And Shoulder St",
      "reason": "blocked_nonpet"
    },
    {
      "id": "1992920203261681665",
      "title": "Cat Litter Box Enclosure Wooden Litter Box Furniture Hidden 2 Rooms Black",
      "reason": "price_out_of_range"
    },
    {
      "id": "1991251941870198785",
      "title": "Catio Playground Cat Window Box Outside Enclosure for Multiple Cats w/ Shelves & Bridges",
      "reason": "price_out_of_range"
    },
    {
      "id": "1991252077651726338",
      "title": "Catio Outdoor Cat Enclosure with Waterproof Cover",
      "reason": "price_out_of_range"
    },
    {
      "id": "1991250136800464897",
      "title": "2-story Cat House Outdoor",
      "reason": "price_out_of_range"
    },
    {
      "id": "1991250058522169345",
      "title": "Outdoor Cat House",
      "reason": "price_out_of_range"
    },
    {
      "id": "1991251742522642433",
      "title": "Outdoor Cat House",
      "reason": "price_out_of_range"
    },
    {
      "id": "1991250346089897985",
      "title": "Cat Tree",
      "reason": "price_out_of_range"
    },
    {
      "id": "1991251862223884289",
      "title": "Cat Tree House with Scratching Post and Wheels",
      "reason": "blocked_nonpet"
    },
    {
      "id": "1991251901889417218",
      "title": "Large Outdoor Cat House for 3 Kitties",
      "reason": "price_out_of_range"
    },
    {
      "id": "1991252195956264961",
      "title": "Cat House",
      "reason": "price_out_of_range"
    },
    {
      "id": "1991251570090610689",
      "title": "Cat Litter Box Enclosure End Side Table with Scratching Pad",
      "reason": "price_out_of_range"
    },
    {
      "id": "1991250658972393474",
      "title": "Cat Shelves for Indoor Cats",
      "reason": "price_out_of_range"
    },
    {
      "id": "1991252313983979522",
      "title": "Cat Run with Weather Protection",
      "reason": "price_out_of_range"
    },
    {
      "id": "1991250975926181890",
      "title": "69\" Cat Tree",
      "reason": "price_out_of_range"
    },
    {
      "id": "1991251822818398210",
      "title": "H Cat House Kitten Enclosure Playpen Frame with 3 Platforms",
      "reason": "price_out_of_range"
    },
    {
      "id": "1991252031192096769",
      "title": "Catio, Outdoor Cat Enclosure House on Wheels with Hammock,",
      "reason": "blocked_nonpet"
    },
    {
      "id": "1991252121159241730",
      "title": "Catio Cat Window Box Outside Enclosure with Bridge Platforms",
      "reason": "price_out_of_range"
    },
    {
      "id": "1991252164423487489",
      "title": "Catio Outdoor Cat Enclosure",
      "reason": "price_out_of_range"
    },
    {
      "id": "1991250561748426754",
      "title": "Outdoor Cat House",
      "reason": "price_out_of_range"
    },
    {
      "id": "1990691674766823426",
      "title": "Cat Tree with Luxurious Cushion 148 cm Seagrass",
      "reason": "price_out_of_range"
    },
    {
      "id": "1990621631432286209",
      "title": "Wall Mounted Cat Shelves, Cat Wall Shelves And Perches With Jumping Boards, Cat Beds, Hammocks & Cat",
      "reason": "price_out_of_range"
    },
    {
      "id": "1990691685007937537",
      "title": "Cat Scratching Post 123 cm Seagrass",
      "reason": "price_out_of_range"
    },
    {
      "id": "1879346288407760898",
      "title": "Pet Canned Spoon Jar Opener Puppy FeedingMixing Wet Dry Cat Dog Accessories FeederShovel Tableware M",
      "reason": "price_out_of_range"
    },
    {
      "id": "1856263027474452480",
      "title": "Dog Egg Crates For Mothers, Newborn Puppy Supplies And Essentials Built Comfortably",
      "reason": "price_out_of_range"
    },
    {
      "id": "1855894482974560256",
      "title": "Small Kennel End Table With Two Open Sides And Lockable Door",
      "reason": "price_out_of_range"
    },
    {
      "id": "1807710310313644032",
      "title": "Pink Cat Houses - Soft Bed Tent Cave For Indoor Cats With Removable Cushion Pad",
      "reason": "price_out_of_range"
    },
    {
      "id": "1806928748680728576",
      "title": "Dog Flying Disc Dog Flying Disc Durable And Interactive Flying Disc For Medium And Large Dogs Perfec",
      "reason": "price_out_of_range"
    },
    {
      "id": "1806943319785099264",
      "title": "Ravel Puppy Water Bowl Dog Water Bottle With Food Container Portable Pet Dispenser Dog Stuff Accesso",
      "reason": "price_out_of_range"
    },
    {
      "id": "1805551425163251712",
      "title": "Sugar Squeaky Dog Toys Aggressive Chew Large Medium Dogs Unbreakable Tough",
      "reason": "price_out_of_range"
    },
    {
      "id": "1803614417658466304",
      "title": "Puppy Toothbrush Clean Teeth Interactive Corn Toys Dog Toys Aggressive Chewers Dog Chew Toys",
      "reason": "price_out_of_range"
    },
    {
      "id": "1721808426021834752",
      "title": "Silicone Lick Mat For Pet Dogs Slow Food Plate Rice Bowl For Small Medium Dog Anti Gulping Choking F",
      "reason": "price_out_of_range"
    },
    {
      "id": "1668120524876566528",
      "title": "Multifunction Pet Canned Spoon Jar Opener Puppy Feeding Mixing Wet Dry Scoop Cat Dog Accessories Fee",
      "reason": "price_out_of_range"
    },
    {
      "id": "1657574694545412096",
      "title": "Dog Tooth Cleaning Brush Care Finger Wrap Cat Dog Oral Cleaning Toothbrush Tool Silicone Dog Cat Fin",
      "reason": "blocked_nonpet"
    },
    {
      "id": "1632028985222123520",
      "title": "Funny Pet Dog Squeaky Toys For Small Middle Dogs Bite Resistant Puppy Cat Dogs Toys Pets Rubber Pean",
      "reason": "price_out_of_range"
    },
    {
      "id": "1588826407327772672",
      "title": "Small Dog Leather Chest Strap",
      "reason": "price_out_of_range"
    },
    {
      "id": "1517341274318721024",
      "title": "Snuffle Dog Mat Foraging Bowls Interactive Puppy Toys Plush Chew Toys For Dogs Slow Feeder Game For ",
      "reason": "price_out_of_range"
    },
    {
      "id": "DEE56FA4-F797-43E3-9BD8-0BC8EE993892",
      "title": "Dog Toy Play Funny Pet Puppy Chew Squeaker Squeaky Plush Sound Toys Clean Teeth",
      "reason": "price_out_of_range"
    },
    {
      "id": "50434994-F7B3-4DAD-AE52-835EED9C3CC2",
      "title": "Dog Raincoat,Waterproof Dog Rain Jacket With Safety Reflective Stripe,Hooded Slicker Dachshund Doggy",
      "reason": "price_out_of_range"
    },
    {
      "id": "1892139061461774338",
      "title": "Outdoor Cat House Cat Enclosures 110 Large Kitten Playpen With Platforms,Upgrade Waterproof Cover-gr",
      "reason": "price_out_of_range"
    },
    {
      "id": "1855860959337140224",
      "title": "Wooden Outdoor Cat House, Wild Cat Shelter Kitten Tree",
      "reason": "price_out_of_range"
    },
    {
      "id": "1851542684281229312",
      "title": "Interactive Ball Smart Cat Toys, Plush Electric Catnip Training Toy, Kitten Touch Sounding Pet Produ",
      "reason": "price_out_of_range"
    },
    {
      "id": "1851510171403964416",
      "title": "Outdoor Cat House Cat Enclosure",
      "reason": "price_out_of_range"
    },
    {
      "id": "1806253910924349440",
      "title": "Cat Recovery Cone Collar Pet E-Collar Elizabethan Collar After Surgery Recovery Pet Cone For Cat Pup",
      "reason": "price_out_of_range"
    },
    {
      "id": "1805807592162611200",
      "title": "Catnip Toys Balls That Stick On Wall Pet Massage Brush Cat Toy Ball Catnip Wall Balls For Cats Lick ",
      "reason": "price_out_of_range"
    },
    {
      "id": "1805796399821770752",
      "title": "Catnip Feeder Cat Toy Cat Indoor Cat Self Groomer Cat Face Scraper Corner Massage Comb Scraper Self ",
      "reason": "price_out_of_range"
    },
    {
      "id": "1786274371230126080",
      "title": "Adjustable Pet Cat Leash Set, Angel Wings Design, Breathable, And Soft For Comfort Cat Harness And L",
      "reason": "price_out_of_range"
    },
    {
      "id": "1784445710201933824",
      "title": "Cat Harness Leash Set With Cute Bee Plaid Cats Escape Proof - Adjustable Kitten Harness For Large Sm",
      "reason": "price_out_of_range"
    },
    {
      "id": "1750132340162449408",
      "title": "Cat Toy Balls, Interactive Pet Play Balls Sisal Rope Scratching Chew Ball Toy With Rustling Sound Pe",
      "reason": "price_out_of_range"
    }
  ]
}